"Plot_code","SF","Intersect_begin","Intersect_end","Diam_cm","Class","Position","Multi_intersect"
"Astringent_Tern_1_2_long_2","1",0.87,1.1,15.8,4,"G","N"
"Astringent_Tern_1_2_long_2","1",1.37,1.61,17.5,4,"E","N"
"Astringent_Tern_1_2_long_2","1",1.69,1.8,11.2,4,"E","N"
"Astringent_Tern_1_2_long_2","1",2.05,2.3,23.1,4,"G","N"
"Astringent_Tern_1_2_long_2","1",6.9,7.05,13.5,5,"G","N"
"Astringent_Tern_1_2_long_2","1",7.12,7.25,12.6,4,"G","N"
"Astringent_Tern_1_2_long_2","1",7.84,7.93,8.1,4,"E","N"
"Astringent_Tern_1_2_long_2","1",8.76,8.9,8.6,4,"G","N"
"Astringent_Tern_1_2_long_2","1",9.79,9.92,10.1,3,"G","N"
"Astringent_Tern_1_2_long_2","1",10.77,11,13.2,4,"E","N"
"Astringent_Tern_1_2_long_2","1",11.46,11.55,8.9,4,"G","N"
"Astringent_Tern_1_2_long_2","1",12.75,12.98,20.2,4,"E","N"
"Astringent_Tern_1_2_long_2","1",13.96,14.04,7.6,4,"E","N"
"Astringent_Tern_1_2_long_2","1",14.93,15.08,22.6,4,"E","N"
"Astringent_Tern_1_2_long_2","1",15.89,16.01,12.1,5,"G","N"
"Astringent_Tern_1_2_long_2","1",16.34,16.44,9.4,5,"G","N"
"Astringent_Tern_1_2_long_2","1",17,17.25,16,4,"E","Y"
"Astringent_Tern_1_2_long_2","1",17,NA,24.4,5,"G","Y"
"Astringent_Tern_1_2_long_2","1",17.84,18.01,17.2,3,"G","N"
"Astringent_Tern_1_2_long_2","1",18.02,18.2,16.5,4,"E","N"
"Astringent_Tern_1_2_long_2","1",18.31,18.58,30,4,"E","N"
"Astringent_Tern_1_2_long_2","1",18.59,18.8,18.2,3,"E","N"
"Astringent_Tern_1_2_long_2","2",32.2,32.53,20.5,3,"E","Y"
"Astringent_Tern_1_2_long_2","2",32.2,NA,13.1,4,"G","Y"
"Astringent_Tern_1_2_long_2","2",32.7,33.05,25,4,"G","N"
"Astringent_Tern_1_2_long_2","2",38.71,39.39,50.9,3,"G","N"
"Astringent_Tern_1_2_long_2","2",39.82,40.25,36.9,4,"E","N"
"Astringent_Tern_1_2_long_2","2",41,41.19,15.2,4,"G","N"
"Astringent_Tern_1_2_long_2","2",41.74,42,20,4,"G","N"
"Astringent_Tern_1_2_long_2","2",42.26,42.4,13.5,4,"G","N"
"Astringent_Tern_1_2_long_2","2",48.84,49.06,17.5,5,"G","N"
"Astringent_Tern_1_2_long_2","3",1.79,1.89,8.7,5,"G","N"
"Astringent_Tern_1_2_long_2","3",5.76,5.88,9,3,"G","N"
"Astringent_Tern_1_2_long_2","3",9.11,9.4,28.5,4,"E","N"
"Astringent_Tern_1_2_long_2","3",11.91,12.05,13.9,4,"E","N"
"Astringent_Tern_1_2_long_2","3",12.8,13.35,15,4,"G","Y"
"Astringent_Tern_1_2_long_2","3",12.8,NA,17.9,4,"E","Y"
"Astringent_Tern_1_2_long_2","3",13.57,13.91,23.7,4,"E","N"
"Astringent_Tern_1_2_long_2","3",14.1,14.34,12.4,4,"E","Y"
"Astringent_Tern_1_2_long_2","3",14.1,NA,12.6,5,"G","Y"
"Astringent_Tern_1_2_long_2","3",16.71,16.82,8.1,3,"E","N"
"Astringent_Tern_1_2_long_2","3",17.46,17.95,20.7,4,"E","N"
"Astringent_Tern_1_2_long_2","3",18.1,18.7,19.2,5,"G","N"
"Astringent_Tern_1_2_long_2","3",18.98,19.18,13.1,4,"E","N"
"Astringent_Tern_1_2_long_2","4",34.59,34.75,14.3,4,"E","N"
"Astringent_Tern_1_2_long_2","4",35.09,35.26,14.5,4,"E","N"
"Astringent_Tern_1_2_long_2","4",35.4,35.54,14.1,5,"G","N"
"Astringent_Tern_1_2_long_2","4",36.41,36.52,9.3,4,"E","N"
"Astringent_Tern_1_2_long_2","4",37.61,37.81,16.3,4,"G","N"
"Astringent_Tern_1_2_long_2","4",43.23,43.61,24.1,5,"G","N"
"Astringent_Tern_1_2_long_2","4",46.65,47,35.2,4,"G","N"
"Astringent_Tern_1_2_long_2","4",48.91,49.35,27.3,4,"E","N"
"Astringent_Tern_1_2_long_2","5",0.57,0.88,26.8,4,"G","N"
"Astringent_Tern_1_2_long_2","5",1.18,1.98,22.5,3,"E","Y"
"Astringent_Tern_1_2_long_2","5",1.18,NA,33.7,3,"E","Y"
"Astringent_Tern_1_2_long_2","5",6.3,6.73,32.5,3,"E","N"
"Astringent_Tern_1_2_long_2","5",7.17,7.39,22.8,4,"G","N"
"Astringent_Tern_1_2_long_2","5",7.64,7.94,20.8,4,"E","Y"
"Astringent_Tern_1_2_long_2","5",7.64,NA,22.6,5,"G","Y"
"Astringent_Tern_1_2_long_2","5",8.42,8.68,20,4,"E","N"
"Astringent_Tern_1_2_long_2","5",10.29,10.44,13.4,4,"E","N"
"Astringent_Tern_1_2_long_2","5",12.17,12.44,24.3,3,"G","N"
"Astringent_Tern_1_2_long_2","5",17.08,17.54,16.7,4,"G","Y"
"Astringent_Tern_1_2_long_2","5",17.08,NA,32.7,3,"E","Y"
"Astringent_Tern_1_2_long_2","5",18,18.28,26.5,4,"G","N"
"Astringent_Tern_1_2_long_2","5",19.07,19.3,20.9,4,"E","N"
"Astringent_Tern_1_2_long_2","5",19.8,20,19.1,5,"G","N"
"Astringent_Tern_1_2_short_0","1",39.17,39.36,17.3,4,"G","N"
"Astringent_Tern_1_2_short_0","1",40.77,40.99,9,5,"G","N"
"Astringent_Tern_1_2_short_0","1",41.05,41.19,11.3,4,"G","N"
"Astringent_Tern_1_2_short_0","1",41.4,42,29.3,5,"G","N"
"Astringent_Tern_1_2_short_0","1",43.89,44.45,31.9,5,"G","N"
"Astringent_Tern_1_2_short_0","2",3.05,3.64,26.4,5,"G","N"
"Astringent_Tern_1_2_short_0","2",4.65,4.89,22.3,4,"G","N"
"Astringent_Tern_1_2_short_0","2",7.81,8.25,13.4,4,"E","Y"
"Astringent_Tern_1_2_short_0","2",7.81,NA,42,4,"G","Y"
"Astringent_Tern_1_2_short_0","2",12.48,13.3,39.5,5,"G","N"
"Astringent_Tern_1_2_short_0","2",13.6,13.92,17.8,5,"G","N"
"Astringent_Tern_1_2_short_0","2",17.4,17.91,17.5,5,"G","N"
"Astringent_Tern_1_2_short_0","2",18.7,18.95,12.2,5,"G","N"
"Astringent_Tern_1_2_short_0","3",1.81,2.27,30.1,5,"G","N"
"Astringent_Tern_1_2_short_0","3",6.82,7.34,8.2,4,"G","N"
"Astringent_Tern_1_2_short_0","3",9.36,9.69,24,3,"G","N"
"Astringent_Tern_1_2_short_0","4",32.06,33.05,35,4,"G","N"
"Astringent_Tern_1_2_short_0","4",38.55,38.81,20,4,"G","N"
"Astringent_Tern_1_2_short_0","4",42.49,42.72,19.4,3,"G","N"
"Astringent_Tern_1_2_short_0","5",2.79,3.07,28.5,4,"G","N"
"Astringent_Tern_1_2_short_0","5",5.3,5.52,15.6,3,"G","N"
"Astringent_Tern_1_2_short_0","5",7.22,7.77,31.6,3,"G","N"
"Astringent_Tern_1_2_short_0","5",10.05,10.34,25.2,5,"G","N"
"Astringent_Tern_1_2_short_0","5",11.92,12.03,11.4,3,"G","N"
"Astringent_Tern_1_2_short_0","5",12.32,12.5,16.6,4,"G","N"
"Astringent_Tern_1_2_short_0","5",13.98,14.19,28.3,4,"G","N"
"Astringent_Tern_1_2_short_0","5",17.76,18.05,25.2,5,"G","N"
"Astringent_Tern_1_2_short_0","5",18.8,19.26,38.8,5,"G","N"
"Clover_Dewdrop_2_3_long_1","1",0.68,0.91,15.3,3,"E","N"
"Clover_Dewdrop_2_3_long_1","1",1.06,1.24,14.7,3,"E","N"
"Clover_Dewdrop_2_3_long_1","1",3.79,4.11,10,3,"E","Y"
"Clover_Dewdrop_2_3_long_1","1",3.79,NA,23.3,3,"G","Y"
"Clover_Dewdrop_2_3_long_1","1",6,6.25,18.7,3,"E","N"
"Clover_Dewdrop_2_3_long_1","1",8.78,9.3,33.3,3,"E","N"
"Clover_Dewdrop_2_3_long_1","2",30.65,30.86,8.6,3,"G","N"
"Clover_Dewdrop_2_3_long_1","2",38.62,38.88,21.6,5,"G","N"
"Clover_Dewdrop_2_3_long_1","3",11.15,11.4,22.9,3,"G","N"
"Clover_Dewdrop_2_3_long_1","3",18.06,18.3,15.5,3,"G","N"
"Clover_Dewdrop_2_3_long_1","4",44.49,44.69,16,3,"G","N"
"Clover_Dewdrop_2_3_long_1","5",13.38,13.69,22.5,3,"G","N"
"Clover_Dewdrop_2_3_long_1","5",19.73,19.93,18.7,3,"E","N"
"Clover_Dewdrop_2_3_short_0","1",12.12,12.7,31.3,3,"G","N"
"Clover_Dewdrop_2_3_short_0","2",31.59,32,36.9,3,"G","N"
"Clover_Dewdrop_2_3_short_0","2",32.2,32.4,17.5,4,"G","N"
"Clover_Dewdrop_2_3_short_0","2",33.24,33.4,13.5,4,"G","N"
"Clover_Dewdrop_2_3_short_0","2",35.46,35.74,25.7,3,"G","N"
"Clover_Dewdrop_2_3_short_0","2",42.44,42.69,24,3,"G","N"
"Clover_Dewdrop_2_3_short_0","2",43.47,43.73,29.1,3,"G","N"
"Clover_Dewdrop_2_3_short_0","2",47.37,48.44,39.6,3,"G","N"
"Clover_Dewdrop_2_3_short_0","3",7.26,7.55,26.4,3,"G","N"
"Clover_Dewdrop_2_3_short_0","3",10.89,11.38,15.7,3,"G","N"
"Clover_Dewdrop_2_3_short_0","4",36.6,36.9,28.1,3,"G","N"
"Clover_Dewdrop_2_3_short_0","4",39.51,39.8,30.6,3,"G","N"
"Clover_Dewdrop_2_3_short_0","4",41.2,41.68,25.5,3,"G","N"
"Clover_Dewdrop_2_3_short_0","4",42.2,42.99,11.6,5,"G","N"
"Clover_Dewdrop_2_3_short_0","5",3.4,3.88,32.1,5,"G","N"
"Clover_Dewdrop_2_3_short_0","5",4.88,5,11.3,4,"G","N"
"Clover_Dewdrop_2_3_short_0","5",7.75,8.05,25.1,4,"G","N"
"Clover_Dewdrop_2_3_short_0","5",13.58,13.75,16.4,3,"G","N"
"Clover_East_1_1_long_1","1",0,0.9,30.2,3,"E","Y"
"Clover_East_1_1_long_1","1",0,NA,20.4,5,"G","Y"
"Clover_East_1_1_long_1","1",0,NA,11.9,3,"E","Y"
"Clover_East_1_1_long_1","1",0,NA,14,3,"E","Y"
"Clover_East_1_1_long_1","1",1.34,1.59,14,5,"G","N"
"Clover_East_1_1_long_1","1",2.3,2.6,20.8,4,"G","N"
"Clover_East_1_1_long_1","1",3.61,3.84,16.1,3,"E","N"
"Clover_East_1_1_long_1","1",5.09,5.2,9.5,3,"G","N"
"Clover_East_1_1_long_1","1",5.21,5.75,17.8,3,"E","Y"
"Clover_East_1_1_long_1","1",5.21,NA,8.1,3,"E","Y"
"Clover_East_1_1_long_1","1",6.12,6.44,26.4,3,"E","N"
"Clover_East_1_1_long_1","1",7.95,8.08,10.1,3,"G","N"
"Clover_East_1_1_long_1","1",9.1,9.4,28,3,"G","N"
"Clover_East_1_1_long_1","1",10.23,10.84,19,4,"G","Y"
"Clover_East_1_1_long_1","1",10.23,NA,11.7,3,"E","Y"
"Clover_East_1_1_long_1","1",10.23,NA,23.5,3,"E","Y"
"Clover_East_1_1_long_1","1",11.19,12,13,3,"E","Y"
"Clover_East_1_1_long_1","1",11.19,NA,11.4,3,"E","Y"
"Clover_East_1_1_long_1","1",13.15,13.55,32.5,3,"E","N"
"Clover_East_1_1_long_1","1",14.44,14.7,11,3,"E","Y"
"Clover_East_1_1_long_1","1",14.44,NA,10.1,3,"G","Y"
"Clover_East_1_1_long_1","1",17,17.29,11.4,3,"G","N"
"Clover_East_1_1_long_1","1",17.58,17.86,23.4,3,"E","N"
"Clover_East_1_1_long_1","1",19.6,20,22.5,3,"E","Y"
"Clover_East_1_1_long_1","1",19.6,NA,33.1,3,"E","Y"
"Clover_East_1_1_long_1","1",19.6,NA,17.9,3,"G","Y"
"Clover_East_1_1_long_1","2",30,30.3,30,3,"E","N"
"Clover_East_1_1_long_1","2",31.44,31.78,16.6,4,"G","N"
"Clover_East_1_1_long_1","2",32.35,33,26.7,5,"G","N"
"Clover_East_1_1_long_1","2",39.35,39.7,20,3,"E","Y"
"Clover_East_1_1_long_1","2",39.35,NA,26,3,"G","Y"
"Clover_East_1_1_long_1","2",41.65,41.75,9.8,3,"G","N"
"Clover_East_1_1_long_1","2",42.04,42.22,18.2,3,"E","N"
"Clover_East_1_1_long_1","2",43.22,44.1,41.3,3,"E","Y"
"Clover_East_1_1_long_1","2",43.22,NA,21.1,4,"G","Y"
"Clover_East_1_1_long_1","2",44.53,44.64,10,3,"E","N"
"Clover_East_1_1_long_1","2",47.11,47.35,15.4,3,"E","N"
"Clover_East_1_1_long_1","3",1.14,1.39,24.8,3,"G","N"
"Clover_East_1_1_long_1","3",3.2,3.87,39.1,3,"E","Y"
"Clover_East_1_1_long_1","3",3.2,NA,19.3,5,"G","Y"
"Clover_East_1_1_long_1","3",4.3,4.69,32.2,3,"E","N"
"Clover_East_1_1_long_1","3",5.79,6.51,19.2,3,"G","Y"
"Clover_East_1_1_long_1","3",5.79,NA,11,3,"E","Y"
"Clover_East_1_1_long_1","3",7.01,8.08,23.1,3,"E","Y"
"Clover_East_1_1_long_1","3",7.01,NA,18.5,3,"G","Y"
"Clover_East_1_1_long_1","3",9.56,9.96,30,3,"E","N"
"Clover_East_1_1_long_1","3",12.62,12.81,20.4,4,"G","N"
"Clover_East_1_1_long_1","3",13.51,14.32,22.9,3,"E","N"
"Clover_East_1_1_long_1","3",14.79,15,20.8,3,"G","N"
"Clover_East_1_1_long_1","3",17.8,17.94,10.2,3,"G","N"
"Clover_East_1_1_long_1","4",31.06,32.3,39.6,3,"G","N"
"Clover_East_1_1_long_1","4",33.71,33.93,18.7,3,"E","N"
"Clover_East_1_1_long_1","4",38.48,38.64,12.6,5,"G","N"
"Clover_East_1_1_long_1","4",40.64,40.74,8.3,3,"E","N"
"Clover_East_1_1_long_1","4",45.55,45.68,10.9,3,"G","N"
"Clover_East_1_1_long_1","4",45.8,46.1,23,3,"G","N"
"Clover_East_1_1_long_1","4",47.7,48.7,23.8,3,"E","Y"
"Clover_East_1_1_long_1","4",47.7,NA,22.4,5,"G","Y"
"Clover_East_1_1_long_1","4",49.39,49.75,27.8,3,"E","N"
"Clover_East_1_1_long_1","4",49.75,50,24.3,3,"E","N"
"Clover_East_1_1_long_1","5",0.8,1.05,22.7,3,"E","N"
"Clover_East_1_1_long_1","5",2.99,3.39,29.5,3,"G","N"
"Clover_East_1_1_long_1","5",3.74,4.02,23.8,3,"E","N"
"Clover_East_1_1_long_1","5",5.85,6.14,31.8,3,"E","N"
"Clover_East_1_1_long_1","5",7.53,7.78,25.4,4,"G","Y"
"Clover_East_1_1_long_1","5",7.53,NA,12.1,3,"E","Y"
"Clover_East_1_1_long_1","5",9.95,10.21,28.4,4,"G","N"
"Clover_East_1_1_long_1","5",10.56,10.69,13,3,"E","N"
"Clover_East_1_1_long_1","5",11.78,11.99,23.1,3,"E","N"
"Clover_East_1_1_long_1","5",12.45,12.79,37.3,3,"E","N"
"Clover_East_1_1_long_1","5",13.32,14.08,21.8,3,"E","Y"
"Clover_East_1_1_long_1","5",13.32,NA,28.4,3,"E","Y"
"Clover_East_1_1_long_1","5",19.59,19.74,14.2,3,"E","N"
"Clover_East_1_1_short_0","1",0.16,0.48,25.3,4,"G","N"
"Clover_East_1_1_short_0","1",1.02,1.31,24.9,4,"G","N"
"Clover_East_1_1_short_0","1",1.6,1.86,19.8,3,"G","N"
"Clover_East_1_1_short_0","1",5.9,6.19,21.3,3,"G","N"
"Clover_East_1_1_short_0","1",6.57,6.81,20,3,"G","N"
"Clover_East_1_1_short_0","1",8.69,9.21,12.8,3,"G","N"
"Clover_East_1_1_short_0","1",10.45,10.59,12.3,3,"E","N"
"Clover_East_1_1_short_0","1",11,12.13,25,4,"G","N"
"Clover_East_1_1_short_0","1",16.74,16.97,21.4,4,"G","N"
"Clover_East_1_1_short_0","1",18.21,18.35,8.1,3,"G","N"
"Clover_East_1_1_short_0","2",33.02,33.13,9.5,3,"G","N"
"Clover_East_1_1_short_0","2",34.64,34.9,16.3,4,"E","Y"
"Clover_East_1_1_short_0","2",34.64,NA,10.2,5,"G","Y"
"Clover_East_1_1_short_0","2",35.62,35.85,21.6,4,"G","N"
"Clover_East_1_1_short_0","2",37.15,37.33,14.4,4,"G","N"
"Clover_East_1_1_short_0","2",40.55,40.69,12,3,"G","N"
"Clover_East_1_1_short_0","2",45.65,46.28,14.4,3,"E","Y"
"Clover_East_1_1_short_0","2",45.65,NA,28.3,3,"E","Y"
"Clover_East_1_1_short_0","2",45.65,NA,22.6,3,"G","Y"
"Clover_East_1_1_short_0","3",2.1,2.36,18.9,4,"G","N"
"Clover_East_1_1_short_0","3",4.2,4.89,36.8,4,"G","N"
"Clover_East_1_1_short_0","3",5.45,5.78,26.1,4,"G","N"
"Clover_East_1_1_short_0","3",7.46,7.58,9.7,4,"G","N"
"Clover_East_1_1_short_0","3",9.24,9.4,15.2,3,"G","N"
"Clover_East_1_1_short_0","3",10.7,11.59,27.7,4,"G","N"
"Clover_East_1_1_short_0","3",15.63,15.91,20.7,3,"G","N"
"Clover_East_1_1_short_0","4",37.31,37.7,11.4,3,"G","N"
"Clover_East_1_1_short_0","4",45.2,45.5,28.8,3,"G","N"
"Clover_East_1_1_short_0","5",2.11,2.25,14,3,"G","N"
"Clover_East_1_1_short_0","5",6.87,7.02,13.3,4,"G","N"
"Clover_East_1_1_short_0","5",7.69,7.8,9.5,3,"G","N"
"Clover_East_1_1_short_0","5",7.85,8.09,21.4,3,"G","N"
"Clover_East_1_1_short_0","5",9.16,9.4,12,3,"G","N"
"Clover_East_1_1_short_0","5",10.95,11.62,13.6,3,"G","N"
"Clover_East_1_1_short_0","5",12.42,12.59,11.5,4,"G","N"
"Clover_LeHardy_1_1_long_2","1",0.95,1.17,15.4,3,"E","N"
"Clover_LeHardy_1_1_long_2","1",1.73,1.94,13.7,3,"E","N"
"Clover_LeHardy_1_1_long_2","1",3.53,3.74,18.9,4,"G","N"
"Clover_LeHardy_1_1_long_2","1",7.32,7.55,22,3,"E","N"
"Clover_LeHardy_1_1_long_2","1",7.83,8.09,22.5,3,"E","N"
"Clover_LeHardy_1_1_long_2","1",8.1,8.9,11.7,3,"E","Y"
"Clover_LeHardy_1_1_long_2","1",8.1,NA,43,5,"G","Y"
"Clover_LeHardy_1_1_long_2","1",8.1,NA,16.2,3,"G","Y"
"Clover_LeHardy_1_1_long_2","1",9.64,10,18.3,3,"E","Y"
"Clover_LeHardy_1_1_long_2","1",9.64,NA,19,3,"G","Y"
"Clover_LeHardy_1_1_long_2","1",10.56,10.85,26.9,3,"E","N"
"Clover_LeHardy_1_1_long_2","1",11.19,11.55,27.4,3,"G","N"
"Clover_LeHardy_1_1_long_2","1",14.09,14.23,9.7,3,"E","N"
"Clover_LeHardy_1_1_long_2","1",19.09,19.29,7.6,4,"G","N"
"Clover_LeHardy_1_1_long_2","2",34.88,35.47,49.6,3,"G","N"
"Clover_LeHardy_1_1_long_2","2",36.58,36.71,10.2,3,"G","N"
"Clover_LeHardy_1_1_long_2","2",38.75,38.95,12.7,3,"G","N"
"Clover_LeHardy_1_1_long_2","2",46.25,46.51,21.2,3,"G","N"
"Clover_LeHardy_1_1_long_2","2",47.1,47.29,15.1,5,"G","N"
"Clover_LeHardy_1_1_long_2","3",1.91,2.18,21.5,3,"G","N"
"Clover_LeHardy_1_1_long_2","3",7.77,8.13,31.8,3,"E","N"
"Clover_LeHardy_1_1_long_2","3",19.74,20,20.5,4,"G","N"
"Clover_LeHardy_1_1_long_2","4",30,30.65,30.7,3,"G","N"
"Clover_LeHardy_1_1_long_2","4",32.97,33.15,16.7,3,"G","N"
"Clover_LeHardy_1_1_long_2","4",33.78,33.95,10.7,3,"E","N"
"Clover_LeHardy_1_1_long_2","4",35.04,35.25,8.7,3,"E","N"
"Clover_LeHardy_1_1_long_2","4",35.95,36.05,9.4,3,"E","N"
"Clover_LeHardy_1_1_long_2","4",37.35,37.55,21.6,3,"G","N"
"Clover_LeHardy_1_1_long_2","4",41.46,41.7,8.9,3,"E","N"
"Clover_LeHardy_1_1_long_2","4",45.35,45.46,10.1,3,"G","N"
"Clover_LeHardy_1_1_long_2","4",47.25,47.48,10.3,3,"E","N"
"Clover_LeHardy_1_1_long_2","5",3.17,3.32,8.6,3,"E","N"
"Clover_LeHardy_1_1_long_2","5",5.87,6.15,22.2,5,"G","N"
"Clover_LeHardy_1_1_long_2","5",13.27,13.36,8.7,3,"G","N"
"Clover_LeHardy_1_1_long_2","5",13.37,13.53,14.7,3,"E","N"
"Clover_LeHardy_1_1_long_2","5",16.62,16.75,10.9,3,"E","N"
"Clover_LeHardy_1_1_long_2","5",18.29,18.51,14.8,3,"E","N"
"Clover_LeHardy_1_1_long_2","5",18.89,19,10.1,3,"E","N"
"Clover_LeHardy_1_1_long_2","5",19.5,19.66,15,3,"E","N"
"Clover_LeHardy_1_1_short_0","1",0,0.31,28.2,5,"G","N"
"Clover_LeHardy_1_1_short_0","1",3.89,4.34,35.8,5,"G","N"
"Clover_LeHardy_1_1_short_0","1",15.85,16.14,23.9,3,"E","N"
"Clover_LeHardy_1_1_short_0","1",17.46,18.1,36,4,"G","N"
"Clover_LeHardy_1_1_short_0","1",18.15,18.36,11.4,4,"E","N"
"Clover_LeHardy_1_1_short_0","1",19.49,19.7,13.8,4,"G","N"
"Clover_LeHardy_1_1_short_0","2",31.47,32.19,24.3,3,"G","N"
"Clover_LeHardy_1_1_short_0","2",32.29,32.41,9.5,3,"E","N"
"Clover_LeHardy_1_1_short_0","2",35.43,35.55,15.3,4,"G","N"
"Clover_LeHardy_1_1_short_0","2",37.14,37.27,13,3,"G","N"
"Clover_LeHardy_1_1_short_0","2",38.05,38.24,16.7,4,"G","N"
"Clover_LeHardy_1_1_short_0","2",39.34,39.47,15.1,3,"G","N"
"Clover_LeHardy_1_1_short_0","2",39.81,39.94,12.7,4,"G","N"
"Clover_LeHardy_1_1_short_0","2",42.83,42.98,12.3,4,"G","N"
"Clover_LeHardy_1_1_short_0","2",45.08,45.27,18.1,3,"E","N"
"Clover_LeHardy_1_1_short_0","2",47.43,47.54,9.2,3,"E","N"
"Clover_LeHardy_1_1_short_0","2",48.18,48.45,28.3,3,"G","N"
"Clover_LeHardy_1_1_short_0","2",48.71,48.89,15.3,3,"E","N"
"Clover_LeHardy_1_1_short_0","3",0.42,0.55,11.5,3,"G","N"
"Clover_LeHardy_1_1_short_0","3",3.56,3.78,20.4,3,"G","N"
"Clover_LeHardy_1_1_short_0","3",5.4,5.64,20.6,3,"G","N"
"Clover_LeHardy_1_1_short_0","3",8.63,8.84,19.6,3,"G","N"
"Clover_LeHardy_1_1_short_0","3",9.19,9.5,28.5,3,"G","N"
"Clover_LeHardy_1_1_short_0","3",11.09,11.17,9.1,3,"G","N"
"Clover_LeHardy_1_1_short_0","3",13.06,13.3,19.7,5,"G","N"
"Clover_LeHardy_1_1_short_0","3",14.58,15.91,12.9,3,"E","Y"
"Clover_LeHardy_1_1_short_0","3",14.58,NA,26.5,4,"G","Y"
"Clover_LeHardy_1_1_short_0","3",18.62,18.74,10.5,4,"G","N"
"Clover_LeHardy_1_1_short_0","3",19.8,19.99,14.9,3,"E","N"
"Clover_LeHardy_1_1_short_0","4",30.48,30.61,13.4,4,"G","N"
"Clover_LeHardy_1_1_short_0","4",32.21,32.3,8.6,3,"E","N"
"Clover_LeHardy_1_1_short_0","4",32.72,33.02,21.6,3,"G","N"
"Clover_LeHardy_1_1_short_0","4",33.7,33.92,15.6,5,"G","N"
"Clover_LeHardy_1_1_short_0","4",38.59,38.99,28.5,4,"G","N"
"Clover_LeHardy_1_1_short_0","4",43.85,44.27,38.4,3,"E","N"
"Clover_LeHardy_1_1_short_0","4",45.79,45.92,12,3,"E","N"
"Clover_LeHardy_1_1_short_0","4",47.05,47.18,11.4,3,"G","N"
"Clover_LeHardy_1_1_short_0","4",48.13,48.24,9.7,3,"E","N"
"Clover_LeHardy_1_1_short_0","4",48.39,48.65,16.2,3,"G","N"
"Clover_LeHardy_1_1_short_0","4",48.73,48.94,18.3,3,"E","N"
"Clover_LeHardy_1_1_short_0","4",49.17,49.45,10.6,3,"E","Y"
"Clover_LeHardy_1_1_short_0","4",49.17,NA,18.3,3,"G","Y"
"Clover_LeHardy_1_1_short_0","5",30.31,30.45,13.2,3,"E","N"
"Clover_LeHardy_1_1_short_0","5",44.82,45,16.6,4,"G","N"
"Clover_LeHardy_1_1_short_0","5",45,45.14,12.9,3,"G","N"
"Clover_LeHardy_1_1_short_0","5",45.76,46.13,36,3,"G","N"
"Clover_LeHardy_1_1_short_0","5",46.95,47.31,15.7,3,"G","N"
"Clover_LeHardy_1_1_short_0","5",49.5,49.73,17.3,3,"G","N"
"Glade_Berry_1_1_long_2","1",8.27,8.48,22.4,3,"G","N"
"Glade_Berry_1_1_long_2","1",17.45,17.71,15.8,3,"G","N"
"Glade_Berry_1_1_long_2","2",46.69,47.03,19.9,5,"G","N"
"Glade_Berry_1_1_long_2","2",47.52,47.67,15.1,5,"G","N"
"Glade_Berry_1_1_long_2","3",6.49,6.7,9.8,3,"E","N"
"Glade_Berry_1_1_long_2","3",12.42,12.59,16.2,3,"G","N"
"Glade_Berry_1_1_long_2","4",30.14,30.24,9.8,3,"E","N"
"Glade_Berry_1_1_long_2","4",34.52,34.69,12.4,3,"G","N"
"Glade_Berry_1_1_long_2","4",38.73,39.03,26.1,5,"G","N"
"Glade_Berry_1_1_long_2","4",40.93,41.19,24.5,5,"G","N"
"Glade_Berry_1_1_long_2","4",43.41,43.69,19.6,3,"E","N"
"Glade_Berry_1_1_long_2","4",44.01,44.27,22.3,3,"G","N"
"Glade_Berry_1_1_long_2","5",1.95,2.23,19.7,3,"G","N"
"Glade_Berry_1_1_long_2","5",9.07,9.29,18.7,3,"G","N"
"Glade_Berry_1_1_long_2","5",13.97,14.21,22.7,5,"G","N"
"Glade_Berry_1_1_long_2","5",14.34,14.54,18.2,3,"E","N"
"Glade_Berry_1_1_long_2","5",16.91,17.1,15.2,5,"G","N"
"Glade_Berry_1_1_short_0","1",0.73,1.2,16.6,3,"G","N"
"Glade_Berry_1_1_short_0","1",2.64,2.76,11.3,5,"G","N"
"Glade_Berry_1_1_short_0","1",4.72,4.89,13.7,3,"G","N"
"Glade_Berry_1_1_short_0","1",6.29,6.47,15.9,4,"E","N"
"Glade_Berry_1_1_short_0","1",18.93,19.05,20.1,3,"G","N"
"Glade_Berry_1_1_short_0","2",37.65,38.65,12.2,5,"G","N"
"Glade_Berry_1_1_short_0","3",0.21,0.75,24.4,3,"G","N"
"Glade_Berry_1_1_short_0","3",1.81,2.16,18.4,3,"E","N"
"Glade_Berry_1_1_short_0","3",8.87,9.08,22.1,3,"E","N"
"Glade_Berry_1_1_short_0","3",9.4,9.56,15.7,3,"G","N"
"Glade_Berry_1_1_short_0","3",18.01,18.15,10.7,5,"G","N"
"Glade_Berry_1_1_short_0","4",41.36,41.62,14.2,3,"G","N"
"Glade_Berry_4_4_long_2","1",2.82,2.95,11.4,3,"G","N"
"Glade_Berry_4_4_long_2","2",32.78,32.91,11.8,3,"G","N"
"Glade_Berry_4_4_long_2","2",34.06,34.17,10.6,3,"G","N"
"Glade_Berry_4_4_long_2","2",49.22,49.43,16.7,5,"G","N"
"Glade_Berry_4_4_long_2","3",2.74,2.86,10.6,3,"E","N"
"Glade_Berry_4_4_long_2","3",11.17,11.31,13.7,3,"E","N"
"Glade_Berry_4_4_long_2","4",36.85,37.03,15.7,3,"G","N"
"Glade_Berry_4_4_long_2","4",42.4,42.5,9.8,3,"G","N"
"Glade_Berry_4_4_long_2","4",42.97,43.17,11.2,3,"E","N"
"Glade_Berry_4_4_short_0","1",0.97,1.07,15,3,"G","N"
"Glade_Berry_4_4_short_0","1",1.85,2.17,18,5,"G","N"
"Glade_Berry_4_4_short_0","1",4.44,4.56,10.7,4,"G","N"
"Glade_Berry_4_4_short_0","1",6,6.14,9.3,4,"G","N"
"Glade_Berry_4_4_short_0","1",8.24,8.5,18.6,3,"G","N"
"Glade_Berry_4_4_short_0","1",11.3,11.44,10.8,3,"G","N"
"Glade_Berry_4_4_short_0","1",17.4,17.71,13.6,3,"G","N"
"Glade_Berry_4_4_short_0","2",34.89,35.09,15.7,3,"G","N"
"Glade_Berry_4_4_short_0","2",40.5,40.67,10.5,3,"E","N"
"Glade_Berry_4_4_short_0","2",43.49,44.52,14.2,5,"G","N"
"Glade_Berry_4_4_short_0","3",5.67,5.81,11.6,3,"G","N"
"Glade_Berry_4_4_short_0","3",10.05,10.22,15.3,3,"G","N"
"Glade_Berry_4_4_short_0","3",11.21,11.35,14.8,3,"G","N"
"Glade_Berry_4_4_short_0","3",14.09,14.23,9.7,3,"G","N"
"Glade_Berry_4_4_short_0","3",14.77,14.91,15.2,3,"G","N"
"Glade_Berry_4_4_short_0","4",30.75,30.91,11,5,"G","N"
"Glade_Berry_4_4_short_0","4",36.84,37,13.3,3,"G","N"
"Glade_Berry_4_4_short_0","4",42.09,42.23,14.3,3,"G","N"
"Glade_Berry_4_4_short_0","4",44.32,44.41,9.5,5,"G","N"
"Glade_Berry_4_4_short_0","4",45.51,45.69,11,4,"G","N"
"Glade_Berry_4_4_short_0","4",46.45,46.7,16.2,3,"G","N"
"Glade_Berry_4_4_short_0","5",1.46,1.69,12.1,4,"G","N"
"Glade_Berry_4_4_short_0","5",2.49,2.62,12.1,3,"E","N"
"Glade_Berry_4_4_short_0","5",3.03,3.32,17.1,3,"G","N"
"Glade_Berry_4_4_short_0","5",4.79,5,18.1,3,"G","N"
"Glade_Berry_4_4_short_0","5",6.07,6.35,12.2,3,"G","N"
"Glade_Berry_4_4_short_0","5",6.92,7.05,13.4,3,"G","N"
"Glade_Berry_4_4_short_0","5",12.31,12.39,8.9,3,"G","N"
"Glade_Berry_4_4_short_0","5",14.35,14.73,17.1,4,"G","Y"
"Glade_Berry_4_4_short_0","5",14.35,NA,9.1,3,"E","Y"
"Glade_Berry_4_4_short_0","5",16.76,16.87,10.4,4,"G","N"
"Glade_Berry_4_4_short_0","5",18.36,18.47,9.3,3,"G","N"
"Hellroaring_Buffalo_3_2_long_1","1",9.07,9.29,16.2,4,"E","N"
"Hellroaring_Buffalo_3_2_long_1","1",10.1,10.33,19.7,3,"E","N"
"Hellroaring_Buffalo_3_2_long_1","1",11.51,11.64,11.4,3,"E","N"
"Hellroaring_Buffalo_3_2_long_1","1",14.02,14.16,11.4,3,"G","N"
"Hellroaring_Buffalo_3_2_long_1","1",15.22,15.34,8.2,3,"E","N"
"Hellroaring_Buffalo_3_2_long_1","1",17.83,17.98,13.4,3,"E","N"
"Hellroaring_Buffalo_3_2_long_1","1",18.43,18.71,20.9,3,"E","N"
"Hellroaring_Buffalo_3_2_long_1","1",19.3,19.81,23.9,3,"G","N"
"Hellroaring_Buffalo_3_2_long_1","2",31.15,31.25,9,3,"G","N"
"Hellroaring_Buffalo_3_2_long_1","2",31.5,31.69,18.2,3,"E","N"
"Hellroaring_Buffalo_3_2_long_1","2",35.46,35.7,20.3,3,"G","N"
"Hellroaring_Buffalo_3_2_long_1","2",36.8,36.95,13.3,3,"E","N"
"Hellroaring_Buffalo_3_2_long_1","2",40.84,41.4,17.4,3,"E","Y"
"Hellroaring_Buffalo_3_2_long_1","2",40.84,NA,13.3,3,"E","Y"
"Hellroaring_Buffalo_3_2_long_1","2",40.84,NA,17.2,3,"E","Y"
"Hellroaring_Buffalo_3_2_long_1","2",44.09,44.25,12.3,3,"G","N"
"Hellroaring_Buffalo_3_2_long_1","2",47.14,47.4,19.5,3,"E","N"
"Hellroaring_Buffalo_3_2_long_1","3",3.35,3.55,19.4,3,"G","N"
"Hellroaring_Buffalo_3_2_long_1","3",3.59,4.02,27.9,3,"G","N"
"Hellroaring_Buffalo_3_2_long_1","3",9.39,9.48,8.2,3,"G","N"
"Hellroaring_Buffalo_3_2_long_1","3",11.84,11.98,10.3,3,"E","N"
"Hellroaring_Buffalo_3_2_long_1","3",19.14,19.35,17.8,3,"E","N"
"Hellroaring_Buffalo_3_2_long_1","4",32.83,33.04,20.3,3,"G","N"
"Hellroaring_Buffalo_3_2_long_1","4",35.93,36.26,26,3,"G","N"
"Hellroaring_Buffalo_3_2_long_1","4",36.4,36.65,20.4,3,"E","N"
"Hellroaring_Buffalo_3_2_long_1","4",38.06,38.35,18.8,5,"E","N"
"Hellroaring_Buffalo_3_2_long_1","4",45.45,45.74,26.8,3,"E","N"
"Hellroaring_Buffalo_3_2_long_1","4",48.41,48.62,18.6,3,"E","N"
"Hellroaring_Buffalo_3_2_long_1","5",3.85,4.2,24.1,4,"G","N"
"Hellroaring_Buffalo_3_2_long_1","5",5.55,5.73,14.1,4,"G","N"
"Hellroaring_Buffalo_3_2_long_1","5",7,7.35,22.1,3,"E","N"
"Hellroaring_Buffalo_3_2_long_1","5",7.7,8.81,9,3,"E","Y"
"Hellroaring_Buffalo_3_2_long_1","5",7.7,NA,27.1,3,"G","Y"
"Hellroaring_Buffalo_3_2_long_1","5",10.8,10.93,11.3,3,"E","N"
"Hellroaring_Buffalo_3_2_long_1","5",11.12,11.25,20.3,3,"G","N"
"Hellroaring_Buffalo_3_2_long_1","5",13.17,13.31,12.1,3,"E","N"
"Hellroaring_Buffalo_3_2_long_1","5",17.35,17.75,30.5,3,"G","N"
"Hellroaring_Buffalo_3_2_short_0","1",4.39,4.61,8,3,"E","Y"
"Hellroaring_Buffalo_3_2_short_0","1",4.39,NA,22.1,4,"G","Y"
"Hellroaring_Buffalo_3_2_short_0","1",5.55,6.82,26.3,3,"G","N"
"Hellroaring_Buffalo_3_2_short_0","1",7.27,7.4,8.7,3,"E","N"
"Hellroaring_Buffalo_3_2_short_0","1",7.9,8.09,11.5,3,"G","N"
"Hellroaring_Buffalo_3_2_short_0","1",9.72,10.03,18.2,3,"E","Y"
"Hellroaring_Buffalo_3_2_short_0","1",9.72,NA,19.9,3,"G","Y"
"Hellroaring_Buffalo_3_2_short_0","1",16.89,16.97,8.1,3,"G","N"
"Hellroaring_Buffalo_3_2_short_0","1",17.19,17.47,21.6,3,"E","Y"
"Hellroaring_Buffalo_3_2_short_0","1",17.19,NA,8.3,3,"G","Y"
"Hellroaring_Buffalo_3_2_short_0","2",30.32,30.47,13.2,4,"G","N"
"Hellroaring_Buffalo_3_2_short_0","2",31.32,31.43,11.3,3,"G","N"
"Hellroaring_Buffalo_3_2_short_0","2",32.67,32.79,10.4,3,"G","N"
"Hellroaring_Buffalo_3_2_short_0","2",33.85,34.12,17.4,3,"E","Y"
"Hellroaring_Buffalo_3_2_short_0","2",33.85,NA,12.1,3,"G","Y"
"Hellroaring_Buffalo_3_2_short_0","2",35.6,35.92,18.3,3,"E","N"
"Hellroaring_Buffalo_3_2_short_0","2",36.91,37.11,12.1,3,"E","N"
"Hellroaring_Buffalo_3_2_short_0","2",37.55,37.83,21.5,3,"G","N"
"Hellroaring_Buffalo_3_2_short_0","2",39.86,39.92,11.1,3,"G","N"
"Hellroaring_Buffalo_3_2_short_0","2",40.13,40.65,21.7,3,"E","N"
"Hellroaring_Buffalo_3_2_short_0","2",41.29,41.44,8.3,3,"G","N"
"Hellroaring_Buffalo_3_2_short_0","2",44.45,44.56,12.3,5,"G","N"
"Hellroaring_Buffalo_3_2_short_0","2",46.69,46.83,16.5,3,"G","N"
"Hellroaring_Buffalo_3_2_short_0","2",47.2,48.73,27.3,3,"E","Y"
"Hellroaring_Buffalo_3_2_short_0","2",47.2,NA,11.7,3,"G","Y"
"Hellroaring_Buffalo_3_2_short_0","2",47.2,NA,29.3,3,"E","Y"
"Hellroaring_Buffalo_3_2_short_0","2",49.33,49.5,13.1,3,"E","N"
"Hellroaring_Buffalo_3_2_short_0","3",0.68,1.49,24,3,"G","N"
"Hellroaring_Buffalo_3_2_short_0","3",5.88,6.09,19,3,"G","N"
"Hellroaring_Buffalo_3_2_short_0","3",8.26,9.07,18.5,3,"E","Y"
"Hellroaring_Buffalo_3_2_short_0","3",8.26,NA,8.7,3,"E","Y"
"Hellroaring_Buffalo_3_2_short_0","3",8.26,NA,21.4,3,"G","Y"
"Hellroaring_Buffalo_3_2_short_0","3",8.26,NA,16.2,3,"E","Y"
"Hellroaring_Buffalo_3_2_short_0","3",10.64,10.95,22.9,3,"G","N"
"Hellroaring_Buffalo_3_2_short_0","3",14.27,14.44,10.6,3,"G","N"
"Hellroaring_Buffalo_3_2_short_0","3",14.96,15.18,11.1,5,"G","N"
"Hellroaring_Buffalo_3_2_short_0","3",17.94,18.05,8.6,3,"E","N"
"Hellroaring_Buffalo_3_2_short_0","3",18.4,18.66,19.7,3,"E","N"
"Hellroaring_Buffalo_3_2_short_0","3",19.09,19.25,12.8,3,"E","N"
"Hellroaring_Buffalo_3_2_short_0","4",30.16,30.54,15.6,5,"G","N"
"Hellroaring_Buffalo_3_2_short_0","4",31.45,31.54,8.2,3,"G","N"
"Hellroaring_Buffalo_3_2_short_0","4",34.8,35.06,14.8,3,"G","N"
"Hellroaring_Buffalo_3_2_short_0","4",35.55,35.67,11.1,4,"G","N"
"Hellroaring_Buffalo_3_2_short_0","4",36.34,36.61,14.7,3,"G","N"
"Hellroaring_Buffalo_3_2_short_0","4",38.83,39.06,20.3,3,"E","N"
"Hellroaring_Buffalo_3_2_short_0","4",39.6,39.76,13.4,3,"G","N"
"Hellroaring_Buffalo_3_2_short_0","4",40.39,40.56,18,3,"E","N"
"Hellroaring_Buffalo_3_2_short_0","4",41.3,41.52,21.6,3,"G","N"
"Hellroaring_Buffalo_3_2_short_0","4",41.94,42.1,16.4,3,"G","N"
"Hellroaring_Buffalo_3_2_short_0","4",45.7,45.91,17.5,3,"G","N"
"Hellroaring_Buffalo_3_2_short_0","4",46.48,46.69,11.5,3,"G","N"
"Hellroaring_Buffalo_3_2_short_0","4",48.5,48.62,9.6,3,"G","N"
"Hellroaring_Buffalo_3_2_short_0","5",7.66,8.08,14.9,3,"E","Y"
"Hellroaring_Buffalo_3_2_short_0","5",7.66,NA,24.6,3,"E","Y"
"Hellroaring_Buffalo_3_2_short_0","5",9.81,9.94,13.2,3,"G","N"
"Hellroaring_Buffalo_3_2_short_0","5",10.41,10.86,26.3,3,"E","N"
"Hellroaring_Buffalo_3_2_short_0","5",12.35,12.5,9.6,3,"E","N"
"Hellroaring_Buffalo_3_2_short_0","5",12.83,12.95,12.8,3,"G","N"
"Hellroaring_Buffalo_3_2_short_0","5",13.13,13.32,18.6,3,"G","N"
"Hellroaring_Buffalo_3_2_short_0","5",14.46,14.63,13.5,3,"G","N"
"Hellroaring_Buffalo_3_2_short_0","5",15.02,15.3,20.1,3,"G","N"
"Hellroaring_Buffalo_3_2_short_0","5",15.96,16.12,15.1,3,"G","N"
"Hellroaring_Buffalo_3_2_short_0","5",17.36,17.54,18,4,"G","N"
"Huck_Berry_1_2_long_2","1",1.88,2.01,12.8,5,"G","N"
"Huck_Berry_1_2_long_2","1",7.09,7.21,10.1,4,"G","N"
"Huck_Berry_1_2_long_2","1",13.28,13.61,36,5,"G","N"
"Huck_Berry_1_2_long_2","1",16.26,16.39,8.9,3,"E","N"
"Huck_Berry_1_2_long_2","1",19.69,19.84,9.5,3,"E","N"
"Huck_Berry_1_2_long_2","2",38.93,39.34,26.2,5,"G","Y"
"Huck_Berry_1_2_long_2","2",38.93,NA,17.2,3,"E","Y"
"Huck_Berry_1_2_long_2","2",45.64,45.85,19.2,3,"E","N"
"Huck_Berry_1_2_long_2","2",47.79,48.22,19.6,4,"G","N"
"Huck_Berry_1_2_long_2","3",10.69,10.9,17.2,3,"G","N"
"Huck_Berry_1_2_long_2","3",11.74,12.05,33.6,5,"G","N"
"Huck_Berry_1_2_long_2","3",18.94,19.23,30.2,3,"G","N"
"Huck_Berry_1_2_long_2","4",34.81,35.26,15.9,3,"G","N"
"Huck_Berry_1_2_long_2","4",39.08,39.26,14.8,3,"E","N"
"Huck_Berry_1_2_long_2","4",41.73,41.96,21.7,3,"E","N"
"Huck_Berry_1_2_long_2","4",44.79,45.77,34.1,5,"G","Y"
"Huck_Berry_1_2_long_2","4",44.79,NA,8.8,3,"E","Y"
"Huck_Berry_1_2_long_2","4",47.02,47.14,9.2,3,"G","N"
"Huck_Berry_1_2_long_2","4",48.29,48.47,8.2,4,"G","N"
"Huck_Berry_1_2_long_2","4",49.61,49.8,11.4,4,"G","N"
"Huck_Berry_1_2_long_2","5",0.93,1.05,12.3,3,"E","N"
"Huck_Berry_1_2_long_2","5",2.41,2.5,8.3,3,"G","N"
"Huck_Berry_1_2_long_2","5",9.37,9.53,10.9,5,"G","N"
"Huck_Berry_1_2_long_2","5",14.3,14.42,10.8,5,"G","N"
"Huck_Berry_1_2_short_0","1",1.41,1.58,13,4,"G","N"
"Huck_Berry_1_2_short_0","1",1.67,1.83,8.6,4,"G","N"
"Huck_Berry_1_2_short_0","1",5.36,6.01,7.8,3,"E","N"
"Huck_Berry_1_2_short_0","1",8.29,8.91,9.3,5,"G","N"
"Huck_Berry_1_2_short_0","1",10.9,11.05,11.2,3,"G","N"
"Huck_Berry_1_2_short_0","1",12.8,12.98,15.1,3,"G","N"
"Huck_Berry_1_2_short_0","1",18.4,18.55,16.4,3,"E","N"
"Huck_Berry_1_2_short_0","2",30.73,31.57,18.6,4,"G","N"
"Huck_Berry_1_2_short_0","2",32.84,33.04,17.8,4,"G","N"
"Huck_Berry_1_2_short_0","2",37.55,38.02,18.1,4,"G","N"
"Huck_Berry_1_2_short_0","2",38.45,38.85,13.3,3,"E","N"
"Huck_Berry_1_2_short_0","2",39.57,39.7,11,4,"G","N"
"Huck_Berry_1_2_short_0","2",40,40.21,20.2,3,"G","N"
"Huck_Berry_1_2_short_0","2",40.31,40.45,10.3,5,"G","N"
"Huck_Berry_1_2_short_0","2",43.26,43.62,12.9,3,"E","Y"
"Huck_Berry_1_2_short_0","2",43.26,NA,9.2,3,"G","Y"
"Huck_Berry_1_2_short_0","2",44.24,44.41,14.1,3,"G","N"
"Huck_Berry_1_2_short_0","2",47.81,48.89,10.7,3,"E","Y"
"Huck_Berry_1_2_short_0","2",47.81,NA,11.3,3,"E","Y"
"Huck_Berry_1_2_short_0","2",47.81,NA,21.6,5,"G","Y"
"Huck_Berry_1_2_short_0","3",1.04,1.33,24.9,4,"G","N"
"Huck_Berry_1_2_short_0","3",4.31,4.67,26,4,"G","N"
"Huck_Berry_1_2_short_0","3",13.22,13.35,9.8,3,"G","N"
"Huck_Berry_1_2_short_0","4",31.32,31.51,8,3,"E","Y"
"Huck_Berry_1_2_short_0","4",31.32,NA,8.4,3,"G","Y"
"Huck_Berry_1_2_short_0","4",32.45,32.55,7.9,3,"E","N"
"Huck_Berry_1_2_short_0","4",34.72,34.91,16.4,4,"G","N"
"Huck_Berry_1_2_short_0","4",39.77,39.87,9.4,4,"G","N"
"Huck_Berry_1_2_short_0","4",40.95,41.19,19.8,3,"G","N"
"Huck_Berry_1_2_short_0","4",43.18,43.31,10.3,5,"G","N"
"Huck_Berry_1_2_short_0","4",46.46,46.54,10,5,"G","N"
"Huck_Berry_1_2_short_0","5",1.84,1.99,13.8,4,"G","N"
"Huck_Berry_1_2_short_0","5",13.55,13.96,21.3,3,"E","Y"
"Huck_Berry_1_2_short_0","5",13.55,NA,8.5,3,"G","Y"
"Huck_Berry_2_1_long_1","1",2.57,2.68,9.9,3,"G","N"
"Huck_Berry_2_1_long_1","1",6.92,7.04,7.7,3,"G","N"
"Huck_Berry_2_1_long_1","1",18.98,19.36,7.9,3,"E","N"
"Huck_Berry_2_1_long_1","2",34.49,34.65,14.4,3,"G","N"
"Huck_Berry_2_1_long_1","2",37.85,38.08,14.8,4,"G","N"
"Huck_Berry_2_1_long_1","2",38.09,38.3,20,5,"G","N"
"Huck_Berry_2_1_long_1","2",40.83,40.92,8.6,3,"G","N"
"Huck_Berry_2_1_long_1","2",48.2,48.29,8.5,3,"E","N"
"Huck_Berry_2_1_long_1","3",8.32,8.44,9.9,3,"E","N"
"Huck_Berry_2_1_long_1","3",11.87,12.01,7.8,3,"G","N"
"Huck_Berry_2_1_long_1","5",0.32,0.42,9,4,"E","N"
"Huck_Berry_2_1_long_1","5",2.2,2.39,16,3,"G","N"
"Huck_Berry_2_1_long_1","5",3.66,3.75,7.9,3,"G","N"
"Huck_Berry_2_1_long_1","5",11.26,11.41,12,3,"G","N"
"Huck_Berry_2_1_long_1","5",17.68,17.8,9.2,3,"G","N"
"Huck_Berry_2_1_short_0","1",36.63,36.8,15,3,"G","N"
"Huck_Berry_2_1_short_0","1",41.37,41.66,19.1,4,"G","N"
"Huck_Berry_2_1_short_0","2",6.3,6.49,16.4,3,"G","N"
"Huck_Berry_2_1_short_0","2",19.51,19.71,18.3,4,"G","N"
"Huck_Berry_2_1_short_0","3",0.61,0.93,14.3,4,"G","N"
"Huck_Berry_2_1_short_0","3",3.95,4.13,14.9,4,"G","N"
"Huck_Berry_2_1_short_0","3",4.59,4.73,10.5,3,"E","N"
"Huck_Berry_2_1_short_0","3",6.09,6.66,20,5,"G","Y"
"Huck_Berry_2_1_short_0","3",6.09,NA,16.4,3,"G","Y"
"Huck_Berry_2_1_short_0","3",7.3,7.52,19.5,4,"E","N"
"Huck_Berry_2_1_short_0","3",8.05,8.15,8.2,3,"G","N"
"Huck_Berry_2_1_short_0","3",10.68,10.79,7.9,4,"G","N"
"Huck_Berry_2_1_short_0","3",12.68,12.96,13.4,3,"G","N"
"Huck_Berry_2_1_short_0","3",13.96,14.1,12.8,4,"G","N"
"Huck_Berry_2_1_short_0","3",14.9,15.07,12,3,"G","N"
"Huck_Berry_2_1_short_0","4",31.09,31.22,13.7,3,"G","N"
"Huck_Berry_2_1_short_0","4",35.93,36.04,10.5,5,"G","N"
"Huck_Berry_2_1_short_0","5",0.63,0.85,21.1,3,"G","N"
"Huck_Berry_2_1_short_0","5",1.01,1.19,13.9,5,"G","N"
"Huck_Berry_2_1_short_0","5",1.39,1.61,15.2,4,"G","N"
"Huck_Berry_2_1_short_0","5",2.77,2.96,19.4,4,"G","N"
"Huck_Berry_2_1_short_0","5",5.05,5.19,12.5,4,"G","N"
"Huck_Berry_2_1_short_0","5",5.54,5.71,15.6,5,"G","N"
"Huck_Berry_2_1_short_0","5",7.79,8.09,25.7,5,"G","N"
"Huck_Berry_2_1_short_0","5",9.98,10.17,11.4,5,"G","N"
"Huck_Berry_2_1_short_0","5",11.01,11.19,18.1,5,"G","N"
"Huck_Berry_2_1_short_0","5",16.69,16.86,12.2,4,"G","N"
"IronMtn_Derby_1_1_long_1","1",5.14,5.45,21.9,3,"E","N"
"IronMtn_Derby_1_1_long_1","1",6.79,7.14,14.8,5,"G","N"
"IronMtn_Derby_1_1_long_1","1",10.77,11.08,20.9,3,"E","N"
"IronMtn_Derby_1_1_long_1","1",11.51,12.02,22,3,"G","Y"
"IronMtn_Derby_1_1_long_1","1",11.51,NA,8,3,"E","Y"
"IronMtn_Derby_1_1_long_1","1",13.38,13.87,22.8,3,"E","N"
"IronMtn_Derby_1_1_long_1","1",15.78,16.03,18.6,4,"E","N"
"IronMtn_Derby_1_1_long_1","1",17.33,17.5,8.1,3,"E","N"
"IronMtn_Derby_1_1_long_1","2",32.96,33.3,10.8,3,"E","N"
"IronMtn_Derby_1_1_long_1","2",38.55,38.72,11.3,3,"E","Y"
"IronMtn_Derby_1_1_long_1","2",38.55,NA,13.2,5,"G","Y"
"IronMtn_Derby_1_1_long_1","2",39.45,39.62,14.1,3,"E","N"
"IronMtn_Derby_1_1_long_1","2",43.31,43.62,20.6,3,"G","N"
"IronMtn_Derby_1_1_long_1","3",0.18,0.36,8.3,3,"E","N"
"IronMtn_Derby_1_1_long_1","3",0.92,1.4,17.4,5,"G","N"
"IronMtn_Derby_1_1_long_1","3",4.52,4.69,10.3,3,"E","N"
"IronMtn_Derby_1_1_long_1","3",7.2,7.54,8.1,3,"E","Y"
"IronMtn_Derby_1_1_long_1","3",7.2,NA,21.5,4,"G","Y"
"IronMtn_Derby_1_1_long_1","3",11.87,12.1,26,4,"G","N"
"IronMtn_Derby_1_1_long_1","3",12.1,12.83,30.5,3,"E","N"
"IronMtn_Derby_1_1_long_1","3",15.15,15.46,8.2,3,"G","N"
"IronMtn_Derby_1_1_long_1","3",15.71,15.9,10.7,3,"E","N"
"IronMtn_Derby_1_1_long_1","3",19.26,19.59,23.5,4,"G","N"
"IronMtn_Derby_1_1_long_1","3",19.69,20,24,3,"E","Y"
"IronMtn_Derby_1_1_long_1","3",19.69,NA,25,4,"G","Y"
"IronMtn_Derby_1_1_long_1","4",36.45,36.69,15.3,4,"G","N"
"IronMtn_Derby_1_1_long_1","4",37.87,38.03,12.9,3,"E","N"
"IronMtn_Derby_1_1_long_1","4",38.25,38.45,17.7,3,"E","N"
"IronMtn_Derby_1_1_long_1","4",47.89,48.08,16.3,3,"G","N"
"IronMtn_Derby_1_1_long_1","5",1.2,1.32,8,5,"G","N"
"IronMtn_Derby_1_1_long_1","5",3.85,4,15.7,5,"G","N"
"IronMtn_Derby_1_1_long_1","5",4.02,4.25,22.3,5,"G","N"
"IronMtn_Derby_1_1_long_1","5",5.8,5.99,18.3,5,"G","N"
"IronMtn_Derby_1_1_long_1","5",6.12,6.29,13.3,3,"E","N"
"IronMtn_Derby_1_1_long_1","5",6.45,6.63,19.1,3,"E","N"
"IronMtn_Derby_1_1_long_1","5",7.63,7.98,13,5,"G","N"
"IronMtn_Derby_1_1_long_1","5",10.29,10.68,23.7,3,"E","N"
"IronMtn_Derby_1_1_long_1","5",13.15,13.27,8.7,3,"E","N"
"IronMtn_Derby_1_1_long_1","5",15.93,16.08,15,5,"G","N"
"IronMtn_Derby_1_1_long_1","5",17.51,17.73,20.9,3,"E","N"
"IronMtn_Derby_1_1_short_0","1",1.06,1.27,15.9,5,"G","N"
"IronMtn_Derby_1_1_short_0","1",3.4,3.73,20.6,3,"E","N"
"IronMtn_Derby_1_1_short_0","1",5.58,5.75,12.5,3,"G","N"
"IronMtn_Derby_1_1_short_0","1",8.61,8.89,19.5,3,"G","N"
"IronMtn_Derby_1_1_short_0","1",13.71,14.15,21.2,3,"E","N"
"IronMtn_Derby_1_1_short_0","1",18.44,18.62,18.7,3,"G","N"
"IronMtn_Derby_1_1_short_0","1",19.28,19.61,21.2,3,"G","N"
"IronMtn_Derby_1_1_short_0","2",34.11,34.42,16,4,"G","N"
"IronMtn_Derby_1_1_short_0","2",42.04,42.23,18.1,3,"G","N"
"IronMtn_Derby_1_1_short_0","2",45.86,46,12.6,4,"G","N"
"IronMtn_Derby_1_1_short_0","2",47.15,47.47,27,3,"G","N"
"IronMtn_Derby_1_1_short_0","2",48.68,48.9,15.7,3,"E","N"
"IronMtn_Derby_1_1_short_0","2",49.24,49.39,10.1,3,"E","N"
"IronMtn_Derby_1_1_short_0","3",4.27,4.51,20.3,3,"E","N"
"IronMtn_Derby_1_1_short_0","3",5.79,6.12,14.9,3,"G","N"
"IronMtn_Derby_1_1_short_0","3",6.51,6.77,19.3,3,"G","N"
"IronMtn_Derby_1_1_short_0","3",12.16,12.27,10.1,3,"E","N"
"IronMtn_Derby_1_1_short_0","3",12.29,12.5,16.4,4,"G","N"
"IronMtn_Derby_1_1_short_0","3",13.92,14.17,17.9,3,"E","N"
"IronMtn_Derby_1_1_short_0","3",15.24,15.49,17.6,3,"E","N"
"IronMtn_Derby_1_1_short_0","3",19.8,19.96,10.6,3,"G","N"
"IronMtn_Derby_1_1_short_0","4",32.8,33.22,13.1,3,"G","N"
"IronMtn_Derby_1_1_short_0","4",39.04,39.3,23,3,"G","N"
"IronMtn_Derby_1_1_short_0","4",40.8,40.95,15,4,"G","N"
"IronMtn_Derby_1_1_short_0","4",43.19,43.42,20.1,4,"G","N"
"IronMtn_Derby_1_1_short_0","4",48.08,48.31,21.1,4,"G","N"
"IronMtn_Derby_1_1_short_0","5",0.62,0.74,10.5,3,"G","N"
"IronMtn_Derby_1_1_short_0","5",0.74,0.9,10.2,4,"G","N"
"IronMtn_Derby_1_1_short_0","5",4.59,4.74,11.1,3,"G","N"
"IronMtn_Derby_1_1_short_0","5",4.86,5.01,13.1,3,"E","N"
"IronMtn_Derby_1_1_short_0","5",5.13,5.32,12.9,3,"G","N"
"IronMtn_Derby_1_1_short_0","5",5.53,5.8,21.3,3,"E","N"
"IronMtn_Derby_1_1_short_0","5",7.73,7.89,11.1,3,"G","N"
"IronMtn_Derby_1_1_short_0","5",9.75,9.91,15.3,5,"G","N"
"IronMtn_Derby_1_1_short_0","5",9.95,10.2,23.1,3,"E","N"
"IronMtn_Derby_1_1_short_0","5",12.57,12.75,17.1,3,"G","N"
"IronMtn_Derby_1_1_short_0","5",15.43,15.74,17.4,3,"G","N"
"IronMtn_Derby_1_1_short_0","5",17.1,17.29,15.5,3,"G","N"
"IronMtn_Derby_1_1_short_0","5",18,18.31,25.2,5,"G","N"
"IronMtn_Derby_1_5_long_2","1",0.1,0.45,17.4,3,"E","N"
"IronMtn_Derby_1_5_long_2","1",7.03,7.15,8.9,3,"E","N"
"IronMtn_Derby_1_5_long_2","1",10.52,10.83,11.8,3,"E","N"
"IronMtn_Derby_1_5_long_2","1",11.09,11.24,12.2,3,"E","N"
"IronMtn_Derby_1_5_long_2","1",12.74,12.9,15,3,"E","N"
"IronMtn_Derby_1_5_long_2","1",17.13,17.31,16.9,3,"E","N"
"IronMtn_Derby_1_5_long_2","2",30.92,31.1,13.8,3,"E","N"
"IronMtn_Derby_1_5_long_2","2",31.22,31.4,12.2,3,"E","Y"
"IronMtn_Derby_1_5_long_2","2",31.22,NA,15.3,3,"G","Y"
"IronMtn_Derby_1_5_long_2","2",35.89,36.15,16.9,3,"E","N"
"IronMtn_Derby_1_5_long_2","2",36.59,36.82,15.8,3,"E","N"
"IronMtn_Derby_1_5_long_2","2",37.75,37.94,19.3,3,"E","N"
"IronMtn_Derby_1_5_long_2","2",38.18,38.32,12.1,3,"E","N"
"IronMtn_Derby_1_5_long_2","2",44.41,44.78,21.3,3,"E","N"
"IronMtn_Derby_1_5_long_2","2",47.23,47.82,14.6,3,"E","N"
"IronMtn_Derby_1_5_long_2","3",3.7,3.8,9.6,3,"E","N"
"IronMtn_Derby_1_5_long_2","3",10.48,10.62,13.8,3,"E","N"
"IronMtn_Derby_1_5_long_2","3",11.95,12.06,9.5,3,"E","N"
"IronMtn_Derby_1_5_long_2","3",12.76,13.12,28.1,3,"E","N"
"IronMtn_Derby_1_5_long_2","3",13.88,13.97,9,3,"E","N"
"IronMtn_Derby_1_5_long_2","3",18.5,18.64,9.4,3,"E","N"
"IronMtn_Derby_1_5_long_2","3",19.09,19.21,15,3,"E","N"
"IronMtn_Derby_1_5_long_2","4",33.67,33.85,10.9,3,"E","N"
"IronMtn_Derby_1_5_long_2","4",42.02,42.15,10.5,3,"E","N"
"IronMtn_Derby_1_5_long_2","4",45.06,45.2,12.9,3,"E","N"
"IronMtn_Derby_1_5_long_2","4",45.38,45.52,10,3,"E","N"
"IronMtn_Derby_1_5_long_2","5",0.5,0.67,14.1,3,"E","N"
"IronMtn_Derby_1_5_long_2","5",1.02,1.23,16.3,3,"E","N"
"IronMtn_Derby_1_5_long_2","5",3.52,3.76,13,3,"E","N"
"IronMtn_Derby_1_5_long_2","5",8.63,8.89,19.6,3,"E","Y"
"IronMtn_Derby_1_5_long_2","5",8.63,NA,11.2,3,"G","Y"
"IronMtn_Derby_1_5_long_2","5",9,9.23,12.3,3,"E","N"
"IronMtn_Derby_1_5_long_2","5",9.79,9.91,11.3,3,"E","N"
"IronMtn_Derby_1_5_long_2","5",10.01,10.15,11.1,3,"E","N"
"IronMtn_Derby_1_5_long_2","5",11.68,11.79,12.7,3,"E","N"
"IronMtn_Derby_1_5_long_2","5",14.89,15.12,24,3,"E","Y"
"IronMtn_Derby_1_5_long_2","5",14.89,NA,16.2,3,"E","Y"
"IronMtn_Derby_1_5_long_2","5",18.25,18.4,18.3,3,"G","N"
"IronMtn_Derby_1_5_long_2","5",18.61,18.75,13.8,3,"E","N"
"IronMtn_Derby_1_5_short_0","1",0,1.3,28.8,5,"G","N"
"IronMtn_Derby_1_5_short_0","1",15.59,16.21,30.3,5,"G","N"
"IronMtn_Derby_1_5_short_0","2",36.94,37.37,30.2,4,"G","N"
"IronMtn_Derby_1_5_short_0","2",40.67,40.79,9.7,3,"G","N"
"IronMtn_Derby_1_5_short_0","3",3.67,3.89,18,5,"G","N"
"IronMtn_Derby_1_5_short_0","3",5.68,6.03,10.2,3,"G","N"
"IronMtn_Derby_1_5_short_0","4",36.43,37.08,17.3,3,"G","Y"
"IronMtn_Derby_1_5_short_0","4",36.43,NA,16.7,3,"E","Y"
"IronMtn_Derby_1_5_short_0","5",1.66,1.83,16.1,3,"E","N"
"IronMtn_Derby_1_5_short_0","5",3.19,3.37,11.9,3,"G","N"
"IronMtn_Derby_1_5_short_0","5",4.38,4.52,10.1,5,"G","N"
"IronMtn_Derby_1_5_short_0","5",5.37,5.49,9.1,4,"G","N"
"IronMtn_Derby_1_5_short_0","5",12.99,13.18,20.1,4,"G","N"
"IronMtn_Derby_1_5_short_0","5",13.59,13.78,12,5,"G","N"
"IronMtn_Derby_1_5_short_0","5",18.07,18.16,9,3,"E","N"
"Mystic_BearpawBay_1_1_long_1","2",30.35,30.58,18.1,4,"E","N"
"Mystic_BearpawBay_1_1_long_1","2",31.02,31.2,8.1,4,"G","N"
"Mystic_BearpawBay_1_1_long_1","2",31.68,31.9,20.8,3,"E","N"
"Mystic_BearpawBay_1_1_long_1","2",32.38,32.8,20.4,4,"E","Y"
"Mystic_BearpawBay_1_1_long_1","2",32.38,NA,17.7,4,"G","Y"
"Mystic_BearpawBay_1_1_long_1","2",33.48,33.63,13.6,3,"E","N"
"Mystic_BearpawBay_1_1_long_1","2",33.81,34.11,17.1,3,"G","N"
"Mystic_BearpawBay_1_1_long_1","2",34.48,34.6,11.1,3,"G","N"
"Mystic_BearpawBay_1_1_long_1","2",38.9,39.32,20,3,"E","Y"
"Mystic_BearpawBay_1_1_long_1","2",38.9,NA,22.1,3,"E","Y"
"Mystic_BearpawBay_1_1_long_1","2",39.4,39.56,14.6,4,"G","N"
"Mystic_BearpawBay_1_1_long_1","2",44.68,45.02,14.7,4,"E","N"
"Mystic_BearpawBay_1_1_long_1","2",47.62,47.77,13.8,3,"E","N"
"Mystic_BearpawBay_1_1_long_1","2",48.32,48.45,8.7,5,"G","N"
"Mystic_BearpawBay_1_1_long_1","2",49.07,49.33,24.7,4,"E","N"
"Mystic_BearpawBay_1_1_long_1","3",0.88,0.97,9.1,4,"E","N"
"Mystic_BearpawBay_1_1_long_1","3",3.91,4.05,13.4,3,"E","N"
"Mystic_BearpawBay_1_1_long_1","3",8.41,8.81,23.2,3,"G","N"
"Mystic_BearpawBay_1_1_long_1","3",8.87,9.04,12.1,4,"E","N"
"Mystic_BearpawBay_1_1_long_1","3",10.03,10.23,9.1,3,"E","N"
"Mystic_BearpawBay_1_1_long_1","3",14.96,15.13,15.1,5,"G","N"
"Mystic_BearpawBay_1_1_long_1","3",15.3,15.62,17.2,5,"G","N"
"Mystic_BearpawBay_1_1_long_1","3",18.09,18.34,11.1,4,"G","N"
"Mystic_BearpawBay_1_1_long_1","4",31.14,31.27,9.5,4,"E","N"
"Mystic_BearpawBay_1_1_long_1","4",31.56,31.94,26.4,5,"G","N"
"Mystic_BearpawBay_1_1_long_1","4",33.7,33.84,9.6,5,"G","N"
"Mystic_BearpawBay_1_1_long_1","4",35.07,35.2,11.2,3,"E","N"
"Mystic_BearpawBay_1_1_long_1","4",37.01,37.22,15.4,4,"G","N"
"Mystic_BearpawBay_1_1_long_1","4",38.22,38.8,14.6,4,"G","N"
"Mystic_BearpawBay_1_1_long_1","4",39.15,39.36,17.3,3,"E","Y"
"Mystic_BearpawBay_1_1_long_1","4",39.15,NA,13,5,"G","Y"
"Mystic_BearpawBay_1_1_long_1","4",39.44,39.65,10.9,3,"E","N"
"Mystic_BearpawBay_1_1_long_1","4",41.26,41.42,7.8,3,"E","N"
"Mystic_BearpawBay_1_1_long_1","4",43.77,44.12,28,4,"G","N"
"Mystic_BearpawBay_1_1_long_1","4",44.49,45.05,51.5,5,"G","N"
"Mystic_BearpawBay_1_1_long_1","4",45.68,46.05,17.1,3,"E","N"
"Mystic_BearpawBay_1_1_long_1","4",49.32,49.48,10.6,3,"G","N"
"Mystic_BearpawBay_1_1_long_1","6",6.3,6.56,18.8,4,"G","N"
"Mystic_BearpawBay_1_1_long_1","6",7.59,7.79,13.5,3,"E","N"
"Mystic_BearpawBay_1_1_long_1","6",9.59,9.95,12.7,3,"E","N"
"Mystic_BearpawBay_1_1_long_1","6",12.97,13.16,17.5,3,"E","N"
"Mystic_BearpawBay_1_1_long_1","6",13.65,13.98,20.7,4,"E","N"
"Mystic_BearpawBay_1_1_long_1","6",15.89,16.01,13.4,3,"E","N"
"Mystic_BearpawBay_1_1_long_1","6",16.98,17.26,21.9,4,"E","N"
"Mystic_BearpawBay_1_1_long_1","6",22.43,22.58,13.1,3,"E","N"
"Mystic_BearpawBay_1_1_long_1","6",23.24,23.59,24.6,4,"G","N"
"Mystic_BearpawBay_1_1_long_1","7",0.22,0.56,14.4,3,"E","Y"
"Mystic_BearpawBay_1_1_long_1","7",0.22,NA,15.7,4,"G","Y"
"Mystic_BearpawBay_1_1_long_1","7",1.14,1.52,19.5,4,"E","N"
"Mystic_BearpawBay_1_1_long_1","7",1.7,1.83,11.9,5,"G","N"
"Mystic_BearpawBay_1_1_long_1","7",3.19,3.35,15.5,4,"G","N"
"Mystic_BearpawBay_1_1_long_1","7",3.77,4.02,19.1,3,"E","N"
"Mystic_BearpawBay_1_1_long_1","7",5.52,5.76,16.2,3,"E","N"
"Mystic_BearpawBay_1_1_long_1","7",8.75,9.06,10.9,4,"E","N"
"Mystic_BearpawBay_1_1_long_1","7",10.8,11.06,20.2,3,"E","N"
"Mystic_BearpawBay_1_1_long_1","7",11.84,12.05,23.3,4,"E","N"
"Mystic_BearpawBay_1_1_long_1","7",12.83,13.12,26.4,3,"E","N"
"Mystic_BearpawBay_1_1_long_1","7",13.37,13.53,10,3,"E","N"
"Mystic_BearpawBay_1_1_long_1","7",14.21,14.51,15,3,"E","N"
"Mystic_BearpawBay_1_1_long_1","7",15.99,16.16,13.3,4,"E","N"
"Mystic_BearpawBay_1_1_long_1","7",16.25,16.39,12.7,4,"G","N"
"Mystic_BearpawBay_1_1_long_1","7",16.59,17.32,16.7,3,"E","Y"
"Mystic_BearpawBay_1_1_long_1","7",16.59,NA,18.5,4,"G","Y"
"Mystic_BearpawBay_1_1_long_1","7",17.97,18.11,9.9,4,"E","N"
"Mystic_BearpawBay_1_1_long_1","7",19.06,19.52,14.2,3,"E","Y"
"Mystic_BearpawBay_1_1_long_1","7",19.06,NA,29.7,3,"G","Y"
"Mystic_BearpawBay_1_1_long_1","7",19.53,19.65,8.4,3,"E","N"
"Mystic_BearpawBay_1_1_short_0","2",34.27,34.4,11.5,3,"E","N"
"Mystic_BearpawBay_1_1_short_0","2",34.45,34.59,13.3,3,"E","N"
"Mystic_BearpawBay_1_1_short_0","2",37.25,37.38,11.6,3,"E","N"
"Mystic_BearpawBay_1_1_short_0","2",38.51,38.58,7.9,4,"G","N"
"Mystic_BearpawBay_1_1_short_0","3",1.21,1.32,10,5,"G","N"
"Mystic_BearpawBay_1_1_short_0","3",4.24,4.66,12.6,4,"G","Y"
"Mystic_BearpawBay_1_1_short_0","3",4.24,NA,10,4,"E","Y"
"Mystic_BearpawBay_1_1_short_0","3",5.16,5.39,11.7,4,"E","N"
"Mystic_BearpawBay_1_1_short_0","3",5.48,6.27,10.6,5,"G","N"
"Mystic_BearpawBay_1_1_short_0","3",7.07,7.22,8,3,"E","N"
"Mystic_BearpawBay_1_1_short_0","3",9.02,9.17,7.7,3,"E","N"
"Mystic_BearpawBay_1_1_short_0","3",16.33,16.45,10.1,4,"E","N"
"Mystic_BearpawBay_1_1_short_0","3",16.91,17.03,10,3,"E","N"
"Mystic_BearpawBay_1_1_short_0","3",17.88,17.99,8.8,4,"G","N"
"Mystic_BearpawBay_1_1_short_0","3",18.33,18.54,14.9,5,"G","N"
"Mystic_BearpawBay_1_1_short_0","4",32.14,32.25,9,4,"E","N"
"Mystic_BearpawBay_1_1_short_0","4",32.67,32.79,9.7,4,"E","N"
"Mystic_BearpawBay_1_1_short_0","4",43.89,44.02,9.2,3,"E","N"
"Mystic_BearpawBay_1_1_short_0","4",46.89,47.4,12.8,3,"G","N"
"Mystic_BearpawBay_1_1_short_0","4",49.64,49.72,9.4,3,"E","N"
"Mystic_BearpawBay_1_1_short_0","6",19.69,19.89,7.6,3,"E","Y"
"Mystic_BearpawBay_1_1_short_0","6",19.69,NA,9,3,"E","Y"
"Mystic_BearpawBay_1_1_short_0","7",2.41,2.68,12.6,3,"E","N"
"Mystic_BearpawBay_1_1_short_0","7",19.7,20,8.1,3,"E","Y"
"Mystic_BearpawBay_1_1_short_0","7",19.7,NA,13.3,3,"E","Y"
"Mystic_BearpawBay_2_3_long_3","1",1.28,1.41,9.9,3,"E","N"
"Mystic_BearpawBay_2_3_long_3","1",5.5,5.88,16,4,"G","N"
"Mystic_BearpawBay_2_3_long_3","1",6.38,6.5,8.6,3,"E","N"
"Mystic_BearpawBay_2_3_long_3","1",8.14,8.26,15,4,"G","N"
"Mystic_BearpawBay_2_3_long_3","1",11.44,11.63,16.8,3,"E","Y"
"Mystic_BearpawBay_2_3_long_3","1",11.44,NA,13.8,3,"E","Y"
"Mystic_BearpawBay_2_3_long_3","1",12.11,12.28,12.6,3,"E","N"
"Mystic_BearpawBay_2_3_long_3","1",13.04,13.26,11.5,3,"E","N"
"Mystic_BearpawBay_2_3_long_3","1",14.97,15.2,12.8,4,"G","N"
"Mystic_BearpawBay_2_3_long_3","1",17.29,17.4,8.3,3,"G","N"
"Mystic_BearpawBay_2_3_long_3","1",18.95,19.08,9.1,3,"E","Y"
"Mystic_BearpawBay_2_3_long_3","1",18.95,NA,9.3,3,"E","Y"
"Mystic_BearpawBay_2_3_long_3","2",0.78,0.92,13.6,4,"G","N"
"Mystic_BearpawBay_2_3_long_3","2",1.84,1.99,15.6,5,"G","N"
"Mystic_BearpawBay_2_3_long_3","2",2.16,2.31,13.1,3,"E","N"
"Mystic_BearpawBay_2_3_long_3","2",2.56,2.79,14.5,3,"E","N"
"Mystic_BearpawBay_2_3_long_3","2",3.55,3.79,11.2,3,"E","Y"
"Mystic_BearpawBay_2_3_long_3","2",3.55,NA,11.5,4,"G","Y"
"Mystic_BearpawBay_2_3_long_3","2",4.63,4.85,15.5,4,"E","Y"
"Mystic_BearpawBay_2_3_long_3","2",4.63,NA,15.7,4,"G","Y"
"Mystic_BearpawBay_2_3_long_3","2",9.37,9.6,17.3,3,"E","N"
"Mystic_BearpawBay_2_3_long_3","2",11.78,12.09,18.8,3,"E","N"
"Mystic_BearpawBay_2_3_long_3","2",14.09,14.21,10.1,3,"G","N"
"Mystic_BearpawBay_2_3_long_3","2",14.56,14.73,11.7,3,"E","N"
"Mystic_BearpawBay_2_3_long_3","2",16.29,16.45,16.4,3,"E","Y"
"Mystic_BearpawBay_2_3_long_3","2",16.29,NA,15.6,3,"G","Y"
"Mystic_BearpawBay_2_3_long_3","2",17.63,17.83,11.2,3,"E","N"
"Mystic_BearpawBay_2_3_long_3","2",18.15,18.28,10,3,"E","N"
"Mystic_BearpawBay_2_3_long_3","2",18.56,19.15,30.7,3,"E","N"
"Mystic_BearpawBay_2_3_long_3","3",0.33,0.64,18.2,5,"G","N"
"Mystic_BearpawBay_2_3_long_3","3",2.53,2.67,16.9,3,"E","N"
"Mystic_BearpawBay_2_3_long_3","3",2.85,2.93,8,3,"E","N"
"Mystic_BearpawBay_2_3_long_3","3",3.16,3.3,9.3,3,"E","N"
"Mystic_BearpawBay_2_3_long_3","3",4.94,5.09,17,3,"E","N"
"Mystic_BearpawBay_2_3_long_3","3",5.53,5.67,14.1,3,"G","N"
"Mystic_BearpawBay_2_3_long_3","3",8.34,8.5,18.1,3,"E","N"
"Mystic_BearpawBay_2_3_long_3","3",9.22,9.35,12.1,3,"G","N"
"Mystic_BearpawBay_2_3_long_3","3",10.84,11.04,14.6,3,"E","N"
"Mystic_BearpawBay_2_3_long_3","3",16.6,16.83,11.5,3,"E","N"
"Mystic_BearpawBay_2_3_long_3","4",5.2,5.33,10.2,3,"E","N"
"Mystic_BearpawBay_2_3_long_3","4",5.49,5.69,15.4,3,"E","N"
"Mystic_BearpawBay_2_3_long_3","4",5.9,6.03,9.4,3,"G","N"
"Mystic_BearpawBay_2_3_long_3","4",6.75,6.83,7.8,3,"E","N"
"Mystic_BearpawBay_2_3_long_3","4",6.89,7.24,10.2,3,"G","N"
"Mystic_BearpawBay_2_3_long_3","4",7.49,7.58,9.3,3,"E","N"
"Mystic_BearpawBay_2_3_long_3","4",8.64,8.72,8.9,3,"G","N"
"Mystic_BearpawBay_2_3_long_3","4",8.95,9.06,15.7,3,"E","Y"
"Mystic_BearpawBay_2_3_long_3","4",8.95,NA,15.1,3,"E","Y"
"Mystic_BearpawBay_2_3_long_3","4",11.23,11.39,13.2,4,"G","N"
"Mystic_BearpawBay_2_3_long_3","4",14.4,15.18,17.4,3,"G","N"
"Mystic_BearpawBay_2_3_long_3","4",16.43,16.65,14.7,3,"E","Y"
"Mystic_BearpawBay_2_3_long_3","4",16.43,NA,15.9,3,"E","Y"
"Mystic_BearpawBay_2_3_long_3","4",16.9,19.6,21,3,"E","N"
"Mystic_BearpawBay_2_3_long_3","4",20.79,20.9,8.5,3,"E","N"
"Mystic_BearpawBay_2_3_long_3","4",21.51,21.76,16.8,3,"G","N"
"Mystic_BearpawBay_2_3_long_3","4",24.1,24.29,16,3,"E","N"
"Mystic_BearpawBay_2_3_long_3","5",1.03,1.16,11.4,3,"E","N"
"Mystic_BearpawBay_2_3_long_3","5",2.95,3.07,9,3,"E","N"
"Mystic_BearpawBay_2_3_long_3","5",6.78,6.92,13.6,3,"E","N"
"Mystic_BearpawBay_2_3_long_3","5",9.38,9.51,10.2,3,"E","N"
"Mystic_BearpawBay_2_3_long_3","5",9.51,9.62,7.6,3,"E","N"
"Mystic_BearpawBay_2_3_long_3","5",13.16,13.33,11.4,3,"E","N"
"Mystic_BearpawBay_2_3_long_3","5",13.61,13.83,18.3,3,"E","N"
"Mystic_BearpawBay_2_3_long_3","5",15.52,15.69,13.7,3,"E","N"
"Mystic_BearpawBay_2_3_long_3","5",16.64,16.91,19.2,3,"G","N"
"Mystic_BearpawBay_2_3_long_3","5",18.12,18.25,16.1,3,"E","N"
"Mystic_BearpawBay_2_3_short_0","1",31.39,31.7,15.5,4,"E","N"
"Mystic_BearpawBay_2_3_short_0","1",31.94,32.19,22.4,4,"G","N"
"Mystic_BearpawBay_2_3_short_0","1",32.23,32.34,8.8,3,"E","N"
"Mystic_BearpawBay_2_3_short_0","1",34.33,34.47,10.8,3,"E","N"
"Mystic_BearpawBay_2_3_short_0","1",35.01,35.11,7.8,3,"E","N"
"Mystic_BearpawBay_2_3_short_0","1",35.47,35.64,21.9,5,"G","N"
"Mystic_BearpawBay_2_3_short_0","1",38.2,38.61,31.8,5,"G","N"
"Mystic_BearpawBay_2_3_short_0","1",44.32,44.63,7.9,3,"E","Y"
"Mystic_BearpawBay_2_3_short_0","1",44.32,NA,8.3,3,"E","Y"
"Mystic_BearpawBay_2_3_short_0","1",48.76,48.95,16.2,5,"G","N"
"Mystic_BearpawBay_2_3_short_0","2",0,0.2,10,4,"G","N"
"Mystic_BearpawBay_2_3_short_0","2",4.51,4.68,9,3,"E","N"
"Mystic_BearpawBay_2_3_short_0","2",4.84,5.03,17.8,5,"G","N"
"Mystic_BearpawBay_2_3_short_0","2",5.47,5.6,15.8,4,"G","N"
"Mystic_BearpawBay_2_3_short_0","2",7.56,7.75,9.4,3,"G","N"
"Mystic_BearpawBay_2_3_short_0","2",12.46,12.67,18.9,5,"G","N"
"Mystic_BearpawBay_2_3_short_0","2",13.84,13.97,12.1,4,"G","N"
"Mystic_BearpawBay_2_3_short_0","2",14.59,14.72,9.9,5,"G","N"
"Mystic_BearpawBay_2_3_short_0","2",15.87,16,11.4,4,"G","N"
"Mystic_BearpawBay_2_3_short_0","2",16.49,16.62,8.9,3,"G","N"
"Mystic_BearpawBay_2_3_short_0","2",17.53,17.83,21.5,5,"G","Y"
"Mystic_BearpawBay_2_3_short_0","2",17.53,NA,17.7,5,"E","Y"
"Mystic_BearpawBay_2_3_short_0","3",1.57,1.79,12.2,3,"E","N"
"Mystic_BearpawBay_2_3_short_0","3",2.02,2.69,23.3,5,"G","N"
"Mystic_BearpawBay_2_3_short_0","3",4.32,4.39,7.7,3,"G","N"
"Mystic_BearpawBay_2_3_short_0","3",8.6,8.73,10.2,3,"E","N"
"Mystic_BearpawBay_2_3_short_0","3",11.23,11.35,9.5,3,"G","N"
"Mystic_BearpawBay_2_3_short_0","3",13.95,14.07,8,3,"E","N"
"Mystic_BearpawBay_2_3_short_0","3",14.19,14.63,29.2,5,"G","N"
"Mystic_BearpawBay_2_3_short_0","3",15.03,15.3,8.5,3,"E","N"
"Mystic_BearpawBay_2_3_short_0","3",15.39,15.49,7.7,3,"E","N"
"Mystic_BearpawBay_2_3_short_0","3",17.18,17.25,7.9,3,"G","N"
"Mystic_BearpawBay_2_3_short_0","3",17.67,17.82,10.7,3,"E","N"
"Mystic_BearpawBay_2_3_short_0","3",19.55,19.94,16.6,5,"G","N"
"Mystic_BearpawBay_2_3_short_0","4",30.48,30.53,7.8,3,"E","N"
"Mystic_BearpawBay_2_3_short_0","4",32.68,32.78,9.9,3,"E","N"
"Mystic_BearpawBay_2_3_short_0","4",37.68,37.92,10.6,3,"E","N"
"Mystic_BearpawBay_2_3_short_0","4",38.89,39.06,9,3,"E","N"
"Mystic_BearpawBay_2_3_short_0","4",39.31,39.45,12.4,3,"E","N"
"Mystic_BearpawBay_2_3_short_0","4",41.15,41.26,11.6,3,"G","N"
"Mystic_BearpawBay_2_3_short_0","4",42.02,42.23,19,3,"E","N"
"Mystic_BearpawBay_2_3_short_0","4",48.4,48.51,8.7,3,"E","N"
"Mystic_BearpawBay_2_3_short_0","5",0.73,0.85,8.4,3,"E","N"
"Mystic_BearpawBay_2_3_short_0","5",0.9,1.15,9,3,"G","N"
"Mystic_BearpawBay_2_3_short_0","5",1.83,2.35,28.8,5,"G","Y"
"Mystic_BearpawBay_2_3_short_0","5",1.83,NA,10.2,3,"E","Y"
"Mystic_BearpawBay_2_3_short_0","5",2.84,3.09,18,5,"G","N"
"Mystic_BearpawBay_2_3_short_0","5",3.5,3.64,15.2,5,"G","N"
"Mystic_BearpawBay_2_3_short_0","5",5.15,5.25,9.1,4,"G","N"
"Mystic_BearpawBay_2_3_short_0","5",6.25,6.35,10.9,4,"G","N"
"Mystic_BearpawBay_2_3_short_0","5",7.41,7.5,9.3,4,"G","N"
"Mystic_BearpawBay_2_3_short_0","5",11.43,11.7,21.5,3,"G","N"
"Mystic_BearpawBay_2_3_short_0","5",13.11,13.33,10.7,4,"G","N"
"Mystic_BearpawBay_2_3_short_0","5",15.74,15.89,11.9,4,"G","N"
"Mystic_BearpawBay_2_3_short_0","5",16.25,16.5,22.5,5,"G","N"
"Mystic_BearpawBay_2_3_short_0","5",19.09,19.32,9,3,"E","N"
"NFork_Cygnet_1_1_long_3","1",0,0.22,13.4,3,"E","N"
"NFork_Cygnet_1_1_long_3","1",1.74,1.88,11.2,4,"G","N"
"NFork_Cygnet_1_1_long_3","1",4.58,4.93,26.4,3,"G","N"
"NFork_Cygnet_1_1_long_3","1",5.7,5.92,20.6,5,"G","N"
"NFork_Cygnet_1_1_long_3","1",11.72,12.03,20.1,3,"E","N"
"NFork_Cygnet_1_1_long_3","1",15.76,15.89,11.9,3,"G","N"
"NFork_Cygnet_1_1_long_3","1",16.89,17.3,24.1,3,"G","N"
"NFork_Cygnet_1_1_long_3","1",19.88,20,8.7,3,"E","Y"
"NFork_Cygnet_1_1_long_3","1",19.88,NA,17,3,"E","Y"
"NFork_Cygnet_1_1_long_3","2",30.78,30.91,12.2,3,"E","N"
"NFork_Cygnet_1_1_long_3","2",31.16,31.53,34.9,3,"G","N"
"NFork_Cygnet_1_1_long_3","2",31.68,31.89,12.8,3,"E","N"
"NFork_Cygnet_1_1_long_3","2",46.24,46.48,22.1,3,"G","N"
"NFork_Cygnet_1_1_long_3","2",47.29,47.63,28.7,4,"G","N"
"NFork_Cygnet_1_1_long_3","3",0.4,0.57,13.5,3,"G","N"
"NFork_Cygnet_1_1_long_3","3",0.82,0.91,9.2,3,"G","N"
"NFork_Cygnet_1_1_long_3","3",4.33,4.64,21,3,"E","N"
"NFork_Cygnet_1_1_long_3","3",5.74,6,19.7,3,"G","N"
"NFork_Cygnet_1_1_long_3","3",6.85,7.11,20.5,3,"E","N"
"NFork_Cygnet_1_1_long_3","3",8.27,8.49,17.2,3,"G","N"
"NFork_Cygnet_1_1_long_3","3",10.81,11,15.9,4,"G","N"
"NFork_Cygnet_1_1_long_3","3",12.75,12.89,12,3,"G","N"
"NFork_Cygnet_1_1_long_3","3",15.28,15.79,29.4,3,"E","N"
"NFork_Cygnet_1_1_long_3","4",30.88,31.05,13.7,5,"G","N"
"NFork_Cygnet_1_1_long_3","4",35.88,36.79,29.5,3,"E","Y"
"NFork_Cygnet_1_1_long_3","4",35.88,NA,22.6,3,"G","Y"
"NFork_Cygnet_1_1_long_3","4",46.35,47.46,21.2,3,"E","Y"
"NFork_Cygnet_1_1_long_3","4",46.35,NA,35.3,5,"G","Y"
"NFork_Cygnet_1_1_long_3","4",49.04,49.39,25.9,3,"E","N"
"NFork_Cygnet_1_1_long_3","5",1.99,2.73,26,5,"G","N"
"NFork_Cygnet_1_1_long_3","5",5.29,5.48,18.1,3,"E","N"
"NFork_Cygnet_1_1_long_3","5",6.65,6.83,13.4,3,"E","N"
"NFork_Cygnet_1_1_long_3","5",9.11,9.36,19.9,3,"E","N"
"NFork_Cygnet_1_1_long_3","5",10.58,10.77,18.9,3,"G","N"
"NFork_Cygnet_1_1_long_3","5",14.45,14.73,25.1,3,"E","N"
"NFork_Cygnet_1_1_long_3","5",16.85,17.2,28.1,3,"G","N"
"NFork_Cygnet_1_1_long_3","5",18.45,18.59,14.3,3,"E","N"
"NFork_Cygnet_1_1_short_0","1",4.41,7.61,38.7,3,"E","Y"
"NFork_Cygnet_1_1_short_0","1",4.41,NA,14.8,3,"G","Y"
"NFork_Cygnet_1_1_short_0","1",4.41,NA,22,3,"E","N"
"NFork_Cygnet_1_1_short_0","1",10.59,11.02,17.2,4,"G","N"
"NFork_Cygnet_1_1_short_0","1",13.4,13.56,11.7,3,"G","N"
"NFork_Cygnet_1_1_short_0","1",13.6,13.68,7.6,4,"G","N"
"NFork_Cygnet_1_1_short_0","1",13.99,14.17,17.5,3,"G","N"
"NFork_Cygnet_1_1_short_0","1",14.78,14.95,8,3,"G","N"
"NFork_Cygnet_1_1_short_0","1",15.81,15.95,10,3,"G","N"
"NFork_Cygnet_1_1_short_0","1",17.22,17.56,29,5,"G","N"
"NFork_Cygnet_1_1_short_0","1",18.61,18.75,12.1,4,"G","N"
"NFork_Cygnet_1_1_short_0","2",32.18,32.38,18.6,4,"G","N"
"NFork_Cygnet_1_1_short_0","2",35.95,36.37,32.9,3,"E","N"
"NFork_Cygnet_1_1_short_0","2",36.44,36.63,18.9,3,"E","N"
"NFork_Cygnet_1_1_short_0","2",36.8,37,19.3,3,"E","Y"
"NFork_Cygnet_1_1_short_0","2",36.8,NA,11.6,3,"G","Y"
"NFork_Cygnet_1_1_short_0","2",37,37.47,29.1,3,"E","N"
"NFork_Cygnet_1_1_short_0","2",43.2,43.76,15.2,3,"G","N"
"NFork_Cygnet_1_1_short_0","2",45.17,45.3,14.2,3,"G","N"
"NFork_Cygnet_1_1_short_0","2",47.25,47.37,9.3,3,"G","N"
"NFork_Cygnet_1_1_short_0","2",48.58,48.84,24.3,3,"G","N"
"NFork_Cygnet_1_1_short_0","2",49.78,49.89,10.1,3,"G","N"
"NFork_Cygnet_1_1_short_0","3",0.45,1.09,26.3,3,"E","Y"
"NFork_Cygnet_1_1_short_0","3",0.45,NA,12,3,"G","Y"
"NFork_Cygnet_1_1_short_0","3",1.16,1.25,7.6,3,"E","N"
"NFork_Cygnet_1_1_short_0","3",4.88,5.08,20.5,3,"G","N"
"NFork_Cygnet_1_1_short_0","3",8.98,10.82,33.2,3,"E","Y"
"NFork_Cygnet_1_1_short_0","3",8.98,NA,10.2,3,"G","Y"
"NFork_Cygnet_1_1_short_0","3",8.98,NA,14.7,4,"G","Y"
"NFork_Cygnet_1_1_short_0","3",8.98,NA,26.5,3,"G","Y"
"NFork_Cygnet_1_1_short_0","3",13.27,13.39,8.8,3,"E","N"
"NFork_Cygnet_1_1_short_0","3",14.02,14.3,25.3,3,"G","N"
"NFork_Cygnet_1_1_short_0","3",15,15.15,10,3,"G","N"
"NFork_Cygnet_1_1_short_0","3",16.29,16.45,14.5,5,"G","N"
"NFork_Cygnet_1_1_short_0","3",16.82,17.13,22.8,3,"G","N"
"NFork_Cygnet_1_1_short_0","3",18.56,18.77,20,3,"E","N"
"NFork_Cygnet_1_1_short_0","4",30.78,30.97,19.2,3,"E","N"
"NFork_Cygnet_1_1_short_0","4",31.37,31.51,11,4,"G","N"
"NFork_Cygnet_1_1_short_0","4",31.65,31.89,15.6,3,"G","N"
"NFork_Cygnet_1_1_short_0","4",32.64,32.89,24.9,3,"E","N"
"NFork_Cygnet_1_1_short_0","4",33.8,33.91,10.1,3,"E","N"
"NFork_Cygnet_1_1_short_0","4",35.37,35.54,15.6,4,"E","N"
"NFork_Cygnet_1_1_short_0","4",35.6,35.82,19.9,3,"E","N"
"NFork_Cygnet_1_1_short_0","4",36.71,36.97,20.9,3,"G","N"
"NFork_Cygnet_1_1_short_0","4",38.67,38.94,29.1,4,"G","N"
"NFork_Cygnet_1_1_short_0","4",39.95,40.19,28.1,5,"G","N"
"NFork_Cygnet_1_1_short_0","4",40.35,40.53,15.1,3,"E","N"
"NFork_Cygnet_1_1_short_0","4",42.84,43,15.5,3,"G","N"
"NFork_Cygnet_1_1_short_0","4",44.67,45.39,42.4,3,"E","N"
"NFork_Cygnet_1_1_short_0","4",45.56,46.08,39.3,3,"G","Y"
"NFork_Cygnet_1_1_short_0","4",45.56,NA,19.3,3,"E","Y"
"NFork_Cygnet_1_1_short_0","4",46.51,46.79,29.4,3,"G","N"
"NFork_Cygnet_1_1_short_0","4",49.07,49.38,27.3,3,"G","N"
"NFork_Cygnet_1_1_short_0","5",1.49,1.63,13.8,3,"G","N"
"NFork_Cygnet_1_1_short_0","5",3.94,4.1,13.6,4,"G","N"
"NFork_Cygnet_1_1_short_0","5",13.6,14.16,19.6,4,"G","N"
"NFork_Cygnet_1_1_short_0","5",14.44,14.56,9.5,3,"E","N"
"NFork_Cygnet_1_1_short_0","5",17.22,17.53,24.6,3,"E","N"
"NFork_Cygnet_1_1_short_0","5",18.76,19.96,18.6,3,"G","Y"
"NFork_Cygnet_1_1_short_0","5",18.76,NA,19.5,3,"E","Y"
"NFork_Cygnet_1_1_short_0","5",18.76,NA,14,4,"G","Y"
"NFork_Cygnet_2_2_long_2","1",1.13,1.3,10.5,3,"G","N"
"NFork_Cygnet_2_2_long_2","1",2.09,2.49,21.6,3,"G","N"
"NFork_Cygnet_2_2_long_2","1",8.26,8.53,17.5,3,"G","N"
"NFork_Cygnet_2_2_long_2","1",10.25,10.36,10.7,3,"E","N"
"NFork_Cygnet_2_2_long_2","1",11.39,11.56,9,3,"G","N"
"NFork_Cygnet_2_2_long_2","1",13.16,13.27,15,3,"E","N"
"NFork_Cygnet_2_2_long_2","1",14.51,14.63,11.3,3,"E","N"
"NFork_Cygnet_2_2_long_2","1",18.07,18.22,17.2,3,"E","N"
"NFork_Cygnet_2_2_long_2","2",31.95,32.12,13.6,3,"E","N"
"NFork_Cygnet_2_2_long_2","2",32.49,33.07,17.2,3,"E","Y"
"NFork_Cygnet_2_2_long_2","2",32.49,NA,19.1,3,"G","Y"
"NFork_Cygnet_2_2_long_2","2",33.78,33.99,12.7,3,"E","N"
"NFork_Cygnet_2_2_long_2","2",34.05,34.17,12.8,3,"G","N"
"NFork_Cygnet_2_2_long_2","2",35.17,35.37,18.7,3,"G","N"
"NFork_Cygnet_2_2_long_2","2",37.01,37.54,22.2,3,"E","Y"
"NFork_Cygnet_2_2_long_2","2",37.01,NA,21.7,3,"G","Y"
"NFork_Cygnet_2_2_long_2","2",40.7,40.85,11.2,3,"G","N"
"NFork_Cygnet_2_2_long_2","2",46.45,46.86,27.6,3,"E","Y"
"NFork_Cygnet_2_2_long_2","2",46.45,NA,14.2,3,"G","Y"
"NFork_Cygnet_2_2_long_2","3",0.11,0.28,12.7,3,"G","N"
"NFork_Cygnet_2_2_long_2","3",8.28,8.42,13,3,"G","N"
"NFork_Cygnet_2_2_long_2","3",8.95,9.04,8.9,3,"G","N"
"NFork_Cygnet_2_2_long_2","3",9.59,9.92,13.2,3,"E","N"
"NFork_Cygnet_2_2_long_2","3",10.8,10.98,11.5,3,"G","N"
"NFork_Cygnet_2_2_long_2","3",11.3,11.43,9.9,3,"G","N"
"NFork_Cygnet_2_2_long_2","3",11.56,12,40.4,4,"G","N"
"NFork_Cygnet_2_2_long_2","3",14.69,14.86,15.3,3,"G","N"
"NFork_Cygnet_2_2_long_2","3",15.84,15.98,10.2,3,"E","N"
"NFork_Cygnet_2_2_long_2","3",16.2,16.41,15.9,3,"E","N"
"NFork_Cygnet_2_2_long_2","3",17.41,17.59,14,3,"E","N"
"NFork_Cygnet_2_2_long_2","3",17.79,20,16.7,3,"E","N"
"NFork_Cygnet_2_2_long_2","4",30.91,31.03,12.7,3,"G","N"
"NFork_Cygnet_2_2_long_2","4",31.1,31.3,19.5,3,"G","N"
"NFork_Cygnet_2_2_long_2","4",37.61,38,25.5,5,"G","N"
"NFork_Cygnet_2_2_long_2","4",40.16,40.31,16.4,3,"E","N"
"NFork_Cygnet_2_2_long_2","4",41.51,42.23,14.3,3,"G","N"
"NFork_Cygnet_2_2_long_2","4",42.96,43.28,30.7,3,"E","N"
"NFork_Cygnet_2_2_long_2","4",44.76,45.2,10.6,3,"G","N"
"NFork_Cygnet_2_2_long_2","4",45.54,45.65,9.2,3,"E","N"
"NFork_Cygnet_2_2_long_2","4",46.17,46.31,15.1,3,"E","N"
"NFork_Cygnet_2_2_long_2","4",47.55,47.81,25,3,"G","N"
"NFork_Cygnet_2_2_long_2","4",49.36,49.66,29.6,3,"E","N"
"NFork_Cygnet_2_2_long_2","5",0.78,1.14,30.5,4,"G","N"
"NFork_Cygnet_2_2_long_2","5",3.66,3.83,14,3,"G","N"
"NFork_Cygnet_2_2_long_2","5",6.63,6.75,11,3,"G","N"
"NFork_Cygnet_2_2_long_2","5",7.26,7.5,12.4,4,"G","N"
"NFork_Cygnet_2_2_long_2","5",8.85,8.95,9.1,4,"G","N"
"NFork_Cygnet_2_2_long_2","5",13.99,14.12,12.2,3,"E","N"
"NFork_Cygnet_2_2_short_0","1",1.88,2.1,19.7,3,"G","N"
"NFork_Cygnet_2_2_short_0","1",2.49,3.03,33.1,3,"E","Y"
"NFork_Cygnet_2_2_short_0","1",2.49,NA,9.6,3,"E","Y"
"NFork_Cygnet_2_2_short_0","1",3.45,3.75,29.5,3,"G","N"
"NFork_Cygnet_2_2_short_0","1",3.89,4,8.8,3,"E","N"
"NFork_Cygnet_2_2_short_0","1",5.3,5.44,9.9,3,"G","N"
"NFork_Cygnet_2_2_short_0","1",5.53,5.7,19.3,5,"G","N"
"NFork_Cygnet_2_2_short_0","1",6.22,6.36,12.5,3,"G","N"
"NFork_Cygnet_2_2_short_0","1",6.95,7.13,16.5,4,"G","N"
"NFork_Cygnet_2_2_short_0","1",7.61,8.49,21.7,3,"G","Y"
"NFork_Cygnet_2_2_short_0","1",7.61,NA,7.6,3,"E","Y"
"NFork_Cygnet_2_2_short_0","1",8.59,8.9,26.1,3,"E","N"
"NFork_Cygnet_2_2_short_0","1",8.99,9.26,21.7,4,"G","N"
"NFork_Cygnet_2_2_short_0","1",9.79,10.31,20.2,5,"G","Y"
"NFork_Cygnet_2_2_short_0","1",9.79,NA,9.5,3,"E","Y"
"NFork_Cygnet_2_2_short_0","1",14.37,14.7,22.5,3,"G","Y"
"NFork_Cygnet_2_2_short_0","1",14.37,NA,17.3,3,"E","Y"
"NFork_Cygnet_2_2_short_0","1",14.37,NA,7.7,3,"E","Y"
"NFork_Cygnet_2_2_short_0","1",15.66,15.96,18.9,3,"G","N"
"NFork_Cygnet_2_2_short_0","1",16.18,16.35,16.4,4,"G","N"
"NFork_Cygnet_2_2_short_0","1",16.99,17.24,23.6,4,"G","N"
"NFork_Cygnet_2_2_short_0","1",17.61,17.86,21.4,3,"E","N"
"NFork_Cygnet_2_2_short_0","1",19.47,19.69,16.4,4,"G","N"
"NFork_Cygnet_2_2_short_0","2",31.7,31.89,14.3,3,"G","N"
"NFork_Cygnet_2_2_short_0","2",33.07,33.39,26.4,3,"G","N"
"NFork_Cygnet_2_2_short_0","2",35.43,35.55,18,3,"G","N"
"NFork_Cygnet_2_2_short_0","2",35.84,36.19,19.2,3,"E","N"
"NFork_Cygnet_2_2_short_0","2",37.39,37.5,9,4,"G","N"
"NFork_Cygnet_2_2_short_0","2",38.31,38.59,12,3,"E","N"
"NFork_Cygnet_2_2_short_0","2",40.06,41.13,28.5,5,"G","Y"
"NFork_Cygnet_2_2_short_0","2",40.06,NA,19.7,4,"E","Y"
"NFork_Cygnet_2_2_short_0","2",41.56,42.06,26.3,3,"E","N"
"NFork_Cygnet_2_2_short_0","2",42.6,42.81,15.7,5,"G","N"
"NFork_Cygnet_2_2_short_0","2",44.48,44.67,15.6,5,"G","N"
"NFork_Cygnet_2_2_short_0","2",46.64,46.83,15.6,3,"E","N"
"NFork_Cygnet_2_2_short_0","2",48.3,48.55,23.3,3,"E","N"
"NFork_Cygnet_2_2_short_0","2",48.55,48.87,27.3,3,"E","N"
"NFork_Cygnet_2_2_short_0","3",2.34,2.45,9.8,3,"E","N"
"NFork_Cygnet_2_2_short_0","3",3.58,3.69,8.7,3,"E","N"
"NFork_Cygnet_2_2_short_0","3",5.49,5.7,17.6,3,"G","N"
"NFork_Cygnet_2_2_short_0","3",7.79,8.9,31.1,4,"G","N"
"NFork_Cygnet_2_2_short_0","3",9.57,9.86,21.4,3,"E","N"
"NFork_Cygnet_2_2_short_0","3",11,11.25,21.3,3,"E","N"
"NFork_Cygnet_2_2_short_0","3",11.25,11.39,15.9,3,"G","N"
"NFork_Cygnet_2_2_short_0","3",11.66,11.75,7.8,3,"E","N"
"NFork_Cygnet_2_2_short_0","3",12.22,12.45,18.9,3,"E","N"
"NFork_Cygnet_2_2_short_0","3",16.55,16.79,26,3,"G","N"
"NFork_Cygnet_2_2_short_0","3",18.1,18.25,13.8,4,"G","N"
"NFork_Cygnet_2_2_short_0","4",30.25,30.41,11.8,3,"G","N"
"NFork_Cygnet_2_2_short_0","4",31.99,32.27,11,3,"E","Y"
"NFork_Cygnet_2_2_short_0","4",31.99,NA,11.1,4,"G","Y"
"NFork_Cygnet_2_2_short_0","4",32.4,32.56,10.5,3,"G","N"
"NFork_Cygnet_2_2_short_0","4",34.35,34.58,16.1,3,"E","Y"
"NFork_Cygnet_2_2_short_0","4",34.35,NA,10.7,3,"G","Y"
"NFork_Cygnet_2_2_short_0","4",35.83,36.17,35.1,3,"G","N"
"NFork_Cygnet_2_2_short_0","4",37,37.61,26.1,3,"G","N"
"NFork_Cygnet_2_2_short_0","4",39.1,39.24,14,3,"G","N"
"NFork_Cygnet_2_2_short_0","4",40.15,40.29,15.3,3,"G","N"
"NFork_Cygnet_2_2_short_0","4",41.05,41.34,25.1,3,"E","N"
"NFork_Cygnet_2_2_short_0","4",44.22,44.45,23.6,3,"G","N"
"NFork_Cygnet_2_2_short_0","4",44.96,45.15,17.2,3,"E","N"
"NFork_Cygnet_2_2_short_0","4",48.1,48.29,12.3,3,"G","N"
"NFork_Cygnet_2_2_short_0","4",49.69,49.8,11.7,3,"G","N"
"NFork_Cygnet_2_2_short_0","5",0.83,1.03,16.1,4,"G","N"
"NFork_Cygnet_2_2_short_0","5",1.78,1.9,11.1,3,"G","N"
"NFork_Cygnet_2_2_short_0","5",4.72,4.91,13.6,5,"G","N"
"NFork_Cygnet_2_2_short_0","5",7.12,7.27,15.5,4,"G","N"
"NFork_Cygnet_2_2_short_0","5",9.05,9.36,24.1,3,"G","N"
"NFork_Cygnet_2_2_short_0","5",9.59,9.74,9.1,3,"G","N"
"NFork_Cygnet_2_2_short_0","5",11.04,11.24,16.6,5,"G","N"
"NFork_Cygnet_2_2_short_0","5",11.25,11.43,15.5,3,"G","N"
"NFork_Cygnet_2_2_short_0","5",15.47,15.9,8.2,3,"E","Y"
"NFork_Cygnet_2_2_short_0","5",15.47,NA,30.4,3,"E","Y"
"NFork_Cygnet_2_2_short_0","5",18.47,18.74,10.4,3,"G","N"
"NFork_Cygnet_2_2_short_0","5",19.06,19.22,16.2,3,"G","N"
"NFork_Maple_4_4_long_1","1",2.11,2.26,11.1,3,"E","N"
"NFork_Maple_4_4_long_1","1",2.8,2.92,10.8,3,"G","N"
"NFork_Maple_4_4_long_1","1",3.5,4.75,9.2,3,"E","Y"
"NFork_Maple_4_4_long_1","1",3.5,NA,7.7,3,"G","Y"
"NFork_Maple_4_4_long_1","1",6.61,6.9,7.9,3,"G","N"
"NFork_Maple_4_4_long_1","1",7.83,8.16,25.3,3,"E","N"
"NFork_Maple_4_4_long_1","1",12.17,12.96,14.3,3,"G","Y"
"NFork_Maple_4_4_long_1","1",12.17,NA,11.7,3,"E","Y"
"NFork_Maple_4_4_long_1","1",13.63,13.89,11.8,3,"E","N"
"NFork_Maple_4_4_long_1","1",16.01,16.13,12.4,3,"E","N"
"NFork_Maple_4_4_long_1","2",30.7,30.98,10.9,3,"E","N"
"NFork_Maple_4_4_long_1","2",33.82,33.97,12.8,3,"E","N"
"NFork_Maple_4_4_long_1","2",37.63,37.78,12.6,3,"E","N"
"NFork_Maple_4_4_long_1","3",10.8,11,16.9,3,"E","N"
"NFork_Maple_4_4_long_1","3",14.62,14.72,8.4,3,"E","N"
"NFork_Maple_4_4_long_1","3",17.77,17.93,13.3,3,"E","N"
"NFork_Maple_4_4_long_1","3",19.41,19.67,16.7,3,"E","N"
"NFork_Maple_4_4_long_1","4",33.71,34.03,14.7,3,"E","N"
"NFork_Maple_4_4_long_1","4",34.61,34.73,11.1,3,"E","N"
"NFork_Maple_4_4_long_1","4",35.05,35.15,7.6,3,"E","N"
"NFork_Maple_4_4_long_1","4",35.57,35.66,8.9,3,"G","N"
"NFork_Maple_4_4_long_1","4",36.58,36.79,15.9,3,"E","N"
"NFork_Maple_4_4_long_1","4",37.16,37.3,12.1,3,"E","Y"
"NFork_Maple_4_4_long_1","4",37.16,NA,15.6,3,"G","Y"
"NFork_Maple_4_4_long_1","4",37.37,37.54,12.7,3,"E","N"
"NFork_Maple_4_4_long_1","4",39.01,39.14,13.7,3,"G","N"
"NFork_Maple_4_4_long_1","4",46.37,46.51,9.3,3,"E","N"
"NFork_Maple_4_4_long_1","4",48.53,48.69,15,3,"E","N"
"NFork_Maple_4_4_long_1","4",48.8,49.03,20.3,3,"E","N"
"NFork_Maple_4_4_long_1","5",32.79,32.94,12.1,3,"E","N"
"NFork_Maple_4_4_long_1","5",35.21,35.34,9.8,3,"E","N"
"NFork_Maple_4_4_long_1","5",35.54,35.85,15,3,"E","N"
"NFork_Maple_4_4_long_1","5",38.91,40.2,17.3,3,"E","N"
"NFork_Maple_4_4_long_1","5",41.11,41.24,11.2,3,"E","N"
"NFork_Maple_4_4_long_1","5",43.17,43.47,17.7,3,"E","N"
"NFork_Maple_4_4_short_0","1",2.06,2.18,8.9,3,"G","N"
"NFork_Maple_4_4_short_0","1",4.79,4.93,8.3,3,"G","N"
"NFork_Maple_4_4_short_0","1",5.49,5.79,10.9,3,"G","N"
"NFork_Maple_4_4_short_0","1",7.18,7.39,12.5,4,"G","N"
"NFork_Maple_4_4_short_0","1",8.69,8.84,15,3,"G","N"
"NFork_Maple_4_4_short_0","1",10.17,10.33,15.3,4,"G","N"
"NFork_Maple_4_4_short_0","1",15.97,16.32,8.3,3,"G","N"
"NFork_Maple_4_4_short_0","2",34.63,34.74,9.7,5,"G","N"
"NFork_Maple_4_4_short_0","2",38.59,38.98,8.1,4,"G","N"
"NFork_Maple_4_4_short_0","3",3.52,3.66,8.9,4,"G","N"
"NFork_Maple_4_4_short_0","3",15.6,15.85,12.5,5,"G","N"
"NFork_Maple_4_4_short_0","4",39.1,39.21,11.9,3,"G","N"
"NFork_Maple_4_4_short_0","4",45.1,46.17,16.4,4,"G","N"
"NFork_Maple_4_4_short_0","5",6.28,6.65,19.2,4,"G","N"
"NFork_Maple_4_4_short_0","5",9.06,9.19,8.2,3,"G","N"
"NFork_Maple_4_4_short_0","5",11.2,11.3,9.6,4,"G","N"
"NFork_Maple_4_4_short_0","5",16.68,16.91,17.1,4,"E","N"
"NFork_Maple_4_4_short_0","5",17.04,17.15,8.6,3,"G","N"
"NFork_Maple_6_6_long_1","1",4.58,4.73,11,3,"E","N"
"NFork_Maple_6_6_long_1","1",5.14,5.61,15.5,3,"E","Y"
"NFork_Maple_6_6_long_1","1",5.14,NA,12.9,3,"G","Y"
"NFork_Maple_6_6_long_1","1",8.59,8.7,9.3,3,"E","N"
"NFork_Maple_6_6_long_1","1",14.34,14.43,7.6,3,"E","N"
"NFork_Maple_6_6_long_1","1",15.61,15.75,11.1,3,"E","N"
"NFork_Maple_6_6_long_1","1",16.25,16.37,8.3,4,"G","N"
"NFork_Maple_6_6_long_1","1",19.52,19.74,17.5,3,"E","N"
"NFork_Maple_6_6_long_1","2",41,41.11,9.2,3,"G","N"
"NFork_Maple_6_6_long_1","2",42.14,42.26,11.6,3,"E","N"
"NFork_Maple_6_6_long_1","2",44.36,44.46,9.4,3,"E","N"
"NFork_Maple_6_6_long_1","2",45.87,45.96,10.2,3,"G","N"
"NFork_Maple_6_6_long_1","3",12.22,12.35,11.2,3,"E","N"
"NFork_Maple_6_6_long_1","3",16.7,16.79,8.4,3,"E","N"
"NFork_Maple_6_6_long_1","3",16.9,16.98,7.8,3,"E","N"
"NFork_Maple_6_6_long_1","4",31.28,31.42,19.5,4,"E","N"
"NFork_Maple_6_6_long_1","4",32.86,33.09,9.1,3,"E","Y"
"NFork_Maple_6_6_long_1","4",32.86,NA,14.4,3,"G","Y"
"NFork_Maple_6_6_long_1","4",33.22,33.34,10.2,4,"G","N"
"NFork_Maple_6_6_long_1","4",33.88,34.01,13,3,"E","N"
"NFork_Maple_6_6_long_1","4",34.58,34.67,8.1,3,"E","N"
"NFork_Maple_6_6_long_1","4",35.15,35.3,8.4,3,"E","N"
"NFork_Maple_6_6_long_1","4",45.49,45.62,12.1,3,"G","N"
"NFork_Maple_6_6_long_1","4",46.49,46.59,10.9,3,"G","N"
"NFork_Maple_6_6_long_1","4",48.39,48.51,12.7,3,"G","N"
"NFork_Maple_6_6_long_1","4",48.95,49.1,10.5,3,"E","N"
"NFork_Maple_6_6_long_1","4",49.28,49.41,11.3,3,"G","N"
"NFork_Maple_6_6_long_1","5",33.5,33.81,14.3,3,"E","N"
"NFork_Maple_6_6_long_1","5",36.19,36.29,9.1,3,"E","N"
"NFork_Maple_6_6_long_1","5",36.63,36.71,7.7,3,"E","N"
"NFork_Maple_6_6_long_1","5",39.88,39.97,7.9,3,"E","N"
"NFork_Maple_6_6_long_1","5",47.41,47.59,7.6,3,"G","N"
"NFork_Maple_6_6_long_1","5",48.42,48.58,14.3,3,"E","N"
"NFork_Maple_6_6_long_1","5",49.73,49.95,19.4,3,"G","N"
"NFork_Maple_6_6_short_0","1",4.23,4.4,7.6,3,"G","N"
"NFork_Maple_6_6_short_0","1",5.44,5.6,12.8,3,"G","N"
"NFork_Maple_6_6_short_0","1",9.42,9.62,9.1,4,"G","N"
"NFork_Maple_6_6_short_0","1",12.89,13.13,17.2,3,"G","N"
"NFork_Maple_6_6_short_0","1",15.93,16.1,9.8,3,"G","N"
"NFork_Maple_6_6_short_0","1",18.44,18.56,9.1,3,"G","N"
"NFork_Maple_6_6_short_0","2",30.47,30.8,26,3,"G","N"
"NFork_Maple_6_6_short_0","2",48.59,48.84,16.3,3,"G","N"
"NFork_Maple_6_6_short_0","3",2.55,2.66,8.1,3,"G","N"
"NFork_Maple_6_6_short_0","3",4.29,4.72,12.3,3,"G","N"
"NFork_Maple_6_6_short_0","3",12.73,12.84,9.5,3,"G","N"
"NFork_Maple_6_6_short_0","3",15.1,15.42,15.4,3,"G","N"
"NFork_Maple_6_6_short_0","4",38.31,38.53,18.5,3,"G","N"
"NFork_Maple_6_6_short_0","5",8.71,8.91,17.8,3,"G","N"
"NFork_Owl_2_1_long_1","1",1.01,1.2,13.2,3,"E","N"
"NFork_Owl_2_1_long_1","1",1.29,1.5,21.4,3,"E","N"
"NFork_Owl_2_1_long_1","1",1.65,1.74,8.3,3,"E","N"
"NFork_Owl_2_1_long_1","1",2.68,2.81,11.3,3,"G","N"
"NFork_Owl_2_1_long_1","1",4.21,4.4,16.3,3,"E","N"
"NFork_Owl_2_1_long_1","1",4.8,4.95,8.7,3,"E","N"
"NFork_Owl_2_1_long_1","1",6.24,6.7,8.2,3,"G","Y"
"NFork_Owl_2_1_long_1","1",6.24,NA,12.5,3,"E","Y"
"NFork_Owl_2_1_long_1","1",7.77,7.96,10,3,"E","N"
"NFork_Owl_2_1_long_1","1",8.66,8.85,12.9,3,"E","N"
"NFork_Owl_2_1_long_1","1",9.35,9.48,9.3,3,"E","N"
"NFork_Owl_2_1_long_1","1",9.78,10.15,21.1,3,"E","N"
"NFork_Owl_2_1_long_1","1",10.39,10.55,8.3,3,"G","N"
"NFork_Owl_2_1_long_1","1",12.21,12.66,44.4,4,"G","N"
"NFork_Owl_2_1_long_1","1",14.85,14.96,9.3,3,"E","N"
"NFork_Owl_2_1_long_1","1",16.6,16.69,8.5,3,"E","N"
"NFork_Owl_2_1_long_1","1",17.2,17.36,9.8,3,"E","N"
"NFork_Owl_2_1_long_1","1",19.39,19.63,21.7,3,"E","N"
"NFork_Owl_2_1_long_1","1",19.65,19.94,11.2,3,"E","Y"
"NFork_Owl_2_1_long_1","1",19.65,NA,18.7,3,"E","Y"
"NFork_Owl_2_1_long_1","2",32.26,32.61,20.6,3,"G","N"
"NFork_Owl_2_1_long_1","2",34.39,34.64,11.3,3,"E","N"
"NFork_Owl_2_1_long_1","2",35.17,35.47,11,3,"E","Y"
"NFork_Owl_2_1_long_1","2",35.17,NA,17,3,"E","Y"
"NFork_Owl_2_1_long_1","2",35.76,35.97,18.3,3,"E","N"
"NFork_Owl_2_1_long_1","2",36.45,36.63,21.7,3,"E","N"
"NFork_Owl_2_1_long_1","2",37.11,37.27,15.2,3,"E","N"
"NFork_Owl_2_1_long_1","2",38.86,39.04,11.3,3,"G","N"
"NFork_Owl_2_1_long_1","2",40.87,41.06,14.1,3,"E","N"
"NFork_Owl_2_1_long_1","2",42.7,43.01,21.9,4,"G","N"
"NFork_Owl_2_1_long_1","2",43.71,44.22,28.4,3,"E","N"
"NFork_Owl_2_1_long_1","2",44.59,44.82,21,3,"E","N"
"NFork_Owl_2_1_long_1","2",45.11,45.27,13.1,5,"G","N"
"NFork_Owl_2_1_long_1","2",45.59,45.71,8.6,3,"E","N"
"NFork_Owl_2_1_long_1","2",45.79,46.11,21.9,3,"E","Y"
"NFork_Owl_2_1_long_1","2",45.79,NA,19.3,3,"E","Y"
"NFork_Owl_2_1_long_1","2",48.53,48.8,15.2,4,"G","N"
"NFork_Owl_2_1_long_1","2",49.65,50.02,26.8,3,"E","N"
"NFork_Owl_2_1_long_1","3",0.24,0.69,23,3,"E","Y"
"NFork_Owl_2_1_long_1","3",0.24,NA,12.8,3,"E","Y"
"NFork_Owl_2_1_long_1","3",2.97,3.27,14.5,3,"G","Y"
"NFork_Owl_2_1_long_1","3",2.97,NA,20.3,3,"E","Y"
"NFork_Owl_2_1_long_1","3",3.49,4.06,26.7,3,"E","N"
"NFork_Owl_2_1_long_1","3",6.3,6.94,16.5,3,"G","Y"
"NFork_Owl_2_1_long_1","3",6.3,NA,11.4,3,"E","Y"
"NFork_Owl_2_1_long_1","3",6.3,NA,27.8,3,"E","Y"
"NFork_Owl_2_1_long_1","3",13.4,13.52,8.4,3,"G","N"
"NFork_Owl_2_1_long_1","3",13.99,14.25,21.1,3,"E","N"
"NFork_Owl_2_1_long_1","3",14.51,14.65,12.3,3,"E","N"
"NFork_Owl_2_1_long_1","3",16.51,17.1,19.1,3,"E","Y"
"NFork_Owl_2_1_long_1","3",16.51,NA,23.5,3,"E","Y"
"NFork_Owl_2_1_long_1","3",19.1,19.71,9,3,"E","Y"
"NFork_Owl_2_1_long_1","3",19.1,NA,13.4,3,"E","Y"
"NFork_Owl_2_1_long_1","3",19.1,NA,12.1,3,"G","Y"
"NFork_Owl_2_1_long_1","4",36.73,36.87,10.6,3,"G","N"
"NFork_Owl_2_1_long_1","4",39.97,40.3,20.5,3,"E","N"
"NFork_Owl_2_1_long_1","4",41.02,41.51,14,3,"E","Y"
"NFork_Owl_2_1_long_1","4",41.02,NA,24.3,3,"G","Y"
"NFork_Owl_2_1_long_1","4",43.67,43.97,20.7,3,"E","N"
"NFork_Owl_2_1_long_1","4",44.25,44.57,30.2,3,"E","N"
"NFork_Owl_2_1_long_1","4",44.72,45.16,14.5,3,"E","Y"
"NFork_Owl_2_1_long_1","4",44.72,NA,22.2,4,"G","Y"
"NFork_Owl_2_1_long_1","4",46.22,46.38,13.2,3,"G","N"
"NFork_Owl_2_1_long_1","4",46.59,46.78,16.4,3,"E","N"
"NFork_Owl_2_1_long_1","4",47.1,47.36,16,3,"E","Y"
"NFork_Owl_2_1_long_1","4",47.1,NA,25.1,5,"G","Y"
"NFork_Owl_2_1_long_1","4",47.7,48.25,15.3,3,"G","N"
"NFork_Owl_2_1_long_1","5",0.46,0.83,12.3,3,"E","Y"
"NFork_Owl_2_1_long_1","5",0.46,NA,22.4,3,"E","Y"
"NFork_Owl_2_1_long_1","5",1.13,1.32,18.7,3,"G","N"
"NFork_Owl_2_1_long_1","5",2.48,3.8,13.7,3,"G","Y"
"NFork_Owl_2_1_long_1","5",2.48,NA,10.5,3,"E","Y"
"NFork_Owl_2_1_long_1","5",7.33,7.49,13.2,3,"E","Y"
"NFork_Owl_2_1_long_1","5",7.33,NA,13.1,3,"G","Y"
"NFork_Owl_2_1_long_1","5",8.3,8.76,33.7,3,"G","Y"
"NFork_Owl_2_1_long_1","5",8.3,NA,15.4,3,"E","Y"
"NFork_Owl_2_1_long_1","5",8.82,8.9,13.5,3,"E","N"
"NFork_Owl_2_1_long_1","5",9.14,9.32,15.1,3,"G","N"
"NFork_Owl_2_1_long_1","5",10.19,10.31,10.8,3,"G","N"
"NFork_Owl_2_1_long_1","5",10.69,10.82,8.1,3,"E","Y"
"NFork_Owl_2_1_long_1","5",10.69,NA,9,3,"G","Y"
"NFork_Owl_2_1_long_1","5",11.16,11.27,8.7,3,"E","N"
"NFork_Owl_2_1_long_1","5",15.68,15.81,11.4,3,"E","N"
"NFork_Owl_2_1_long_1","5",16.48,16.66,16.9,3,"E","N"
"NFork_Owl_2_1_long_1","5",16.7,16.81,8.9,3,"E","N"
"NFork_Owl_2_1_long_1","5",18.66,18.83,17.8,3,"E","N"
"NFork_Owl_2_1_short_0","1",1.8,2.19,17.4,5,"E","N"
"NFork_Owl_2_1_short_0","1",4.21,4.34,8.2,4,"G","N"
"NFork_Owl_2_1_short_0","1",6.49,6.83,18.2,4,"E","Y"
"NFork_Owl_2_1_short_0","1",6.49,NA,8.5,4,"G","Y"
"NFork_Owl_2_1_short_0","1",7.1,7.29,13.8,5,"G","N"
"NFork_Owl_2_1_short_0","1",7.58,7.7,10.2,3,"G","N"
"NFork_Owl_2_1_short_0","1",9.59,9.92,14.5,3,"G","N"
"NFork_Owl_2_1_short_0","1",14.07,14.39,23.6,5,"G","N"
"NFork_Owl_2_1_short_0","1",15.87,15.96,7.8,3,"G","N"
"NFork_Owl_2_1_short_0","1",17.69,17.87,11.7,3,"E","N"
"NFork_Owl_2_1_short_0","1",18.4,18.63,18.2,3,"E","N"
"NFork_Owl_2_1_short_0","2",30.6,30.8,13.7,4,"E","N"
"NFork_Owl_2_1_short_0","2",31.74,31.85,9,3,"G","N"
"NFork_Owl_2_1_short_0","2",32.48,32.61,11.5,3,"G","N"
"NFork_Owl_2_1_short_0","2",34.82,34.96,14.9,4,"G","N"
"NFork_Owl_2_1_short_0","2",36.85,37.06,19.8,5,"G","N"
"NFork_Owl_2_1_short_0","2",39.27,39.38,9,4,"G","N"
"NFork_Owl_2_1_short_0","2",41.25,41.46,9.4,3,"E","Y"
"NFork_Owl_2_1_short_0","2",41.25,NA,12.2,4,"G","Y"
"NFork_Owl_2_1_short_0","2",41.99,42.1,10,3,"G","N"
"NFork_Owl_2_1_short_0","2",42.2,42.34,13.2,3,"G","N"
"NFork_Owl_2_1_short_0","2",42.53,42.82,13.8,3,"E","N"
"NFork_Owl_2_1_short_0","2",43.31,43.5,9.2,3,"E","N"
"NFork_Owl_2_1_short_0","2",43.86,43.97,11,3,"G","N"
"NFork_Owl_2_1_short_0","2",44.36,44.51,13.2,3,"G","N"
"NFork_Owl_2_1_short_0","3",2.1,2.21,8.3,3,"G","N"
"NFork_Owl_2_1_short_0","3",4.17,4.3,11.1,4,"G","N"
"NFork_Owl_2_1_short_0","3",4.81,5,13.4,3,"G","N"
"NFork_Owl_2_1_short_0","3",5.02,5.25,19.4,3,"E","N"
"NFork_Owl_2_1_short_0","3",6.54,6.65,10.5,5,"G","N"
"NFork_Owl_2_1_short_0","3",7.46,7.58,7.6,3,"G","N"
"NFork_Owl_2_1_short_0","3",9,9.16,12,4,"G","N"
"NFork_Owl_2_1_short_0","3",12.06,12.29,10.6,3,"E","Y"
"NFork_Owl_2_1_short_0","3",12.06,NA,8.5,4,"G","Y"
"NFork_Owl_2_1_short_0","3",13,13.13,10.5,3,"G","N"
"NFork_Owl_2_1_short_0","3",14.19,14.57,20.7,3,"G","N"
"NFork_Owl_2_1_short_0","3",17.43,17.64,15.9,3,"G","N"
"NFork_Owl_2_1_short_0","3",18.74,18.9,12.2,3,"G","N"
"NFork_Owl_2_1_short_0","4",32.48,32.85,20.2,3,"G","N"
"NFork_Owl_2_1_short_0","4",37.58,37.83,14.3,4,"E","Y"
"NFork_Owl_2_1_short_0","4",37.58,NA,12,3,"G","Y"
"NFork_Owl_2_1_short_0","4",40.79,40.89,10,3,"G","N"
"NFork_Owl_2_1_short_0","4",42.08,42.45,22.9,3,"E","N"
"NFork_Owl_2_1_short_0","4",42.96,43.08,11.5,4,"G","N"
"NFork_Owl_2_1_short_0","4",44.11,44.23,9,3,"G","N"
"NFork_Owl_2_1_short_0","4",46.73,46.84,8.3,3,"E","N"
"NFork_Owl_2_1_short_0","4",47.93,48.09,11.2,3,"G","N"
"NFork_Owl_2_1_short_0","5",2.09,2.21,8.5,3,"E","N"
"NFork_Owl_2_1_short_0","5",3.18,3.39,15.2,5,"G","N"
"NFork_Owl_2_1_short_0","5",3.95,4.11,13.5,5,"G","N"
"NFork_Owl_2_1_short_0","5",5.24,5.45,16.9,4,"G","N"
"NFork_Owl_2_1_short_0","5",6.85,7.28,16.1,5,"G","N"
"NFork_Owl_2_1_short_0","5",9.83,9.99,11.6,4,"G","N"
"NFork_Owl_2_1_short_0","5",10.43,10.69,16.1,3,"E","N"
"NFork_Owl_2_1_short_0","5",12.19,13.04,10.1,3,"G","N"
"NFork_Owl_2_1_short_0","5",14.43,14.79,16.6,4,"E","N"
"NFork_Owl_2_1_short_0","5",15.32,15.58,11.4,3,"G","N"
"NFork_Owl_2_1_short_0","5",16.12,16.25,12.8,4,"G","N"
"Pelican_LeHardy_1_5_long_1","1",1.69,1.91,12.5,3,"E","N"
"Pelican_LeHardy_1_5_long_1","1",2.9,3.3,15,3,"G","N"
"Pelican_LeHardy_1_5_long_1","1",4.31,4.6,14,3,"E","N"
"Pelican_LeHardy_1_5_long_1","1",5.47,5.58,7.7,3,"E","N"
"Pelican_LeHardy_1_5_long_1","1",10.13,10.3,10.5,3,"E","N"
"Pelican_LeHardy_1_5_long_1","1",10.62,10.82,8.3,3,"E","N"
"Pelican_LeHardy_1_5_long_1","1",11.42,11.58,12.1,3,"E","N"
"Pelican_LeHardy_1_5_long_1","1",11.8,12.16,18.8,3,"E","N"
"Pelican_LeHardy_1_5_long_1","1",12.49,12.61,8.7,3,"E","N"
"Pelican_LeHardy_1_5_long_1","1",13.59,13.75,8.7,3,"G","N"
"Pelican_LeHardy_1_5_long_1","2",33.1,33.91,20.7,3,"E","N"
"Pelican_LeHardy_1_5_long_1","2",36.8,36.92,8.2,3,"E","N"
"Pelican_LeHardy_1_5_long_1","2",37.86,38.03,16,3,"E","N"
"Pelican_LeHardy_1_5_long_1","2",44.55,44.69,9,3,"E","N"
"Pelican_LeHardy_1_5_long_1","2",44.82,44.98,12.9,3,"E","N"
"Pelican_LeHardy_1_5_long_1","2",45.79,46.5,12.2,3,"E","Y"
"Pelican_LeHardy_1_5_long_1","2",45.79,NA,12.3,3,"E","Y"
"Pelican_LeHardy_1_5_long_1","2",47.43,47.68,17.8,3,"G","N"
"Pelican_LeHardy_1_5_long_1","2",48.76,49.12,23,3,"G","N"
"Pelican_LeHardy_1_5_long_1","3",3.19,3.41,8.9,3,"E","N"
"Pelican_LeHardy_1_5_long_1","3",4.32,4.65,22.5,3,"E","N"
"Pelican_LeHardy_1_5_long_1","3",6.76,6.89,13,3,"E","N"
"Pelican_LeHardy_1_5_long_1","3",7.55,7.81,14,3,"E","N"
"Pelican_LeHardy_1_5_long_1","3",9.79,9.92,10.2,3,"G","N"
"Pelican_LeHardy_1_5_long_1","3",16.45,17.02,16.5,3,"G","N"
"Pelican_LeHardy_1_5_long_1","3",18.99,19.18,14.2,3,"E","N"
"Pelican_LeHardy_1_5_long_1","4",30.15,30.38,8.8,3,"E","N"
"Pelican_LeHardy_1_5_long_1","4",36.65,36.88,20.6,3,"E","N"
"Pelican_LeHardy_1_5_long_1","4",39.7,39.96,7.8,3,"G","N"
"Pelican_LeHardy_1_5_long_1","4",45.18,45.52,11.8,3,"E","N"
"Pelican_LeHardy_1_5_long_1","4",48.11,48.68,20.4,3,"E","Y"
"Pelican_LeHardy_1_5_long_1","4",48.11,NA,15.3,3,"E","Y"
"Pelican_LeHardy_1_5_long_1","5",0.45,0.56,9.2,3,"E","N"
"Pelican_LeHardy_1_5_long_1","5",0.74,0.88,10.7,3,"E","N"
"Pelican_LeHardy_1_5_long_1","5",1.23,1.36,12.5,3,"G","N"
"Pelican_LeHardy_1_5_long_1","5",2.61,2.74,11.7,3,"E","N"
"Pelican_LeHardy_1_5_long_1","5",3.55,3.66,10.7,3,"E","N"
"Pelican_LeHardy_1_5_long_1","5",3.91,4.01,9.2,3,"E","N"
"Pelican_LeHardy_1_5_long_1","5",4.26,4.45,15.4,3,"E","N"
"Pelican_LeHardy_1_5_long_1","5",5.38,5.49,10.1,3,"E","N"
"Pelican_LeHardy_1_5_long_1","5",5.5,5.63,12.4,3,"E","N"
"Pelican_LeHardy_1_5_long_1","5",5.81,5.95,12.8,3,"E","N"
"Pelican_LeHardy_1_5_long_1","5",8.16,8.39,8,3,"E","Y"
"Pelican_LeHardy_1_5_long_1","5",8.16,NA,14.6,3,"E","Y"
"Pelican_LeHardy_1_5_long_1","5",11.89,12.08,14.7,3,"E","N"
"Pelican_LeHardy_1_5_long_1","5",12.22,12.59,15.7,3,"E","Y"
"Pelican_LeHardy_1_5_long_1","5",12.22,NA,23.2,3,"E","Y"
"Pelican_LeHardy_1_5_long_1","5",13.31,13.41,7.9,3,"E","N"
"Pelican_LeHardy_1_5_long_1","5",13.94,14.15,18.7,3,"E","N"
"Pelican_LeHardy_1_5_long_1","5",14.34,14.49,12.7,3,"E","N"
"Pelican_LeHardy_1_5_long_1","5",18.73,19,25.5,3,"E","N"
"Pelican_LeHardy_1_5_short_0","1",35.88,36.05,11.4,3,"G","N"
"Pelican_LeHardy_1_5_short_0","1",37.79,37.94,11.3,3,"G","N"
"Pelican_LeHardy_1_5_short_0","1",40.26,41,22.4,4,"G","N"
"Pelican_LeHardy_1_5_short_0","1",44.26,44.69,15.3,5,"G","N"
"Pelican_LeHardy_1_5_short_0","1",48.53,49.12,9.2,3,"G","N"
"Pelican_LeHardy_1_5_short_0","1",49.89,50,8.4,3,"G","N"
"Pelican_LeHardy_1_5_short_0","2",17.9,19.89,14.1,3,"G","N"
"Pelican_LeHardy_1_5_short_0","3",0.32,0.45,9,3,"G","N"
"Pelican_LeHardy_1_5_short_0","3",5.26,5.5,13,3,"G","N"
"Pelican_LeHardy_1_5_short_0","3",10.15,10.41,9.9,4,"G","N"
"Pelican_LeHardy_1_5_short_0","3",19.52,19.8,8,3,"G","Y"
"Pelican_LeHardy_1_5_short_0","3",19.52,NA,14.6,3,"G","Y"
"Pelican_LeHardy_1_5_short_0","4",33.63,33.76,13.5,3,"G","N"
"Pelican_LeHardy_1_5_short_0","4",39.17,39.29,12.7,3,"G","N"
"Pelican_LeHardy_1_5_short_0","4",39.92,40.24,16.5,3,"G","N"
"Pelican_LeHardy_1_5_short_0","4",48.04,48.21,8,3,"G","N"
"Pelican_LeHardy_1_5_short_0","5",1.56,1.99,39.4,3,"G","N"
"Pelican_LeHardy_1_5_short_0","5",2.61,2.98,20.7,3,"E","N"
"Pelican_LeHardy_1_5_short_0","5",6.5,6.66,14.1,3,"E","N"
"Pelican_LeHardy_1_5_short_0","5",7.87,8.19,20.2,3,"E","N"
"Pelican_LeHardy_1_5_short_0","5",15.89,16.04,10.6,3,"G","N"
"Pelican_LeHardy_1_5_short_0","5",18.11,18.43,16,3,"G","N"
"Rathbone_BaconRind_1_5_long_1","1",3.35,3.49,11.8,3,"G","N"
"Rathbone_BaconRind_1_5_long_1","1",5,5.16,9.4,3,"G","N"
"Rathbone_BaconRind_1_5_long_1","1",7.37,7.74,17.8,3,"E","N"
"Rathbone_BaconRind_1_5_long_1","1",14.66,14.93,21.7,3,"G","N"
"Rathbone_BaconRind_1_5_long_1","1",15.67,15.81,12.1,4,"G","N"
"Rathbone_BaconRind_1_5_long_1","2",30,30.4,22.5,3,"G","N"
"Rathbone_BaconRind_1_5_long_1","2",33.62,33.77,12.2,3,"G","N"
"Rathbone_BaconRind_1_5_long_1","2",35.43,35.95,30.2,3,"E","N"
"Rathbone_BaconRind_1_5_long_1","2",41.26,41.42,12.7,3,"G","N"
"Rathbone_BaconRind_1_5_long_1","2",47.65,47.75,9.3,4,"G","N"
"Rathbone_BaconRind_1_5_long_1","3",6.36,7.11,27,4,"G","N"
"Rathbone_BaconRind_1_5_long_1","3",9.35,9.48,8.7,3,"E","N"
"Rathbone_BaconRind_1_5_long_1","3",9.67,9.86,11.2,3,"E","N"
"Rathbone_BaconRind_1_5_long_1","3",14.23,14.44,17.3,3,"G","N"
"Rathbone_BaconRind_1_5_long_1","3",17.4,17.53,10.2,3,"E","N"
"Rathbone_BaconRind_1_5_long_1","3",19.4,19.75,10.9,3,"G","N"
"Rathbone_BaconRind_1_5_long_1","4",38.21,38.63,23.6,3,"E","N"
"Rathbone_BaconRind_1_5_long_1","5",0.09,0.33,20.6,3,"G","N"
"Rathbone_BaconRind_1_5_long_1","5",13.31,13.49,17.2,3,"E","N"
"Rathbone_BaconRind_1_5_long_1","5",19.7,19.94,20.7,3,"E","N"
"Rathbone_BaconRind_1_5_short_0","1",2.43,2.55,10.5,3,"E","N"
"Rathbone_BaconRind_1_5_short_0","1",7.19,7.49,15.8,3,"G","N"
"Rathbone_BaconRind_1_5_short_0","1",8.89,9.07,7.7,3,"E","N"
"Rathbone_BaconRind_1_5_short_0","1",10.69,11.06,12.1,3,"E","N"
"Rathbone_BaconRind_1_5_short_0","1",17.25,17.61,25,4,"G","N"
"Rathbone_BaconRind_1_5_short_0","2",30.4,30.59,9.7,3,"E","N"
"Rathbone_BaconRind_1_5_short_0","2",30.89,31.01,9.4,3,"G","N"
"Rathbone_BaconRind_1_5_short_0","2",31.52,31.7,19.9,3,"E","N"
"Rathbone_BaconRind_1_5_short_0","2",31.93,32.05,9.2,3,"E","N"
"Rathbone_BaconRind_1_5_short_0","2",36.99,37.23,13.2,3,"G","N"
"Rathbone_BaconRind_1_5_short_0","2",39.5,39.61,11.5,3,"E","N"
"Rathbone_BaconRind_1_5_short_0","2",42.25,42.44,18.5,3,"G","N"
"Rathbone_BaconRind_1_5_short_0","2",45.95,46.11,15.2,3,"G","N"
"Rathbone_BaconRind_1_5_short_0","2",49.18,49.48,12,3,"G","N"
"Rathbone_BaconRind_1_5_short_0","3",7.48,7.69,21.8,3,"G","N"
"Rathbone_BaconRind_1_5_short_0","3",12.46,12.62,15.4,3,"E","N"
"Rathbone_BaconRind_1_5_short_0","3",12.65,12.77,10.3,3,"E","N"
"Rathbone_BaconRind_1_5_short_0","3",14.66,14.81,16.2,5,"G","N"
"Rathbone_BaconRind_1_5_short_0","3",15.16,15.25,7.3,3,"E","N"
"Rathbone_BaconRind_1_5_short_0","3",15.57,15.71,11.2,3,"G","N"
"Rathbone_BaconRind_1_5_short_0","3",16.14,16.32,15.4,5,"G","N"
"Rathbone_BaconRind_1_5_short_0","3",18.8,19.09,21.9,3,"G","N"
"Rathbone_BaconRind_1_5_short_0","4",32.45,32.69,12.2,3,"G","N"
"Rathbone_BaconRind_1_5_short_0","4",35.72,35.92,9.2,3,"G","N"
"Rathbone_BaconRind_1_5_short_0","4",39.14,39.36,14.3,3,"E","N"
"Rathbone_BaconRind_1_5_short_0","4",39.79,39.97,14.9,5,"G","N"
"Rathbone_BaconRind_1_5_short_0","4",42.47,43.3,25.6,3,"G","N"
"Rathbone_BaconRind_1_5_short_0","4",46.15,46.39,21.2,3,"G","N"
"Rathbone_BaconRind_1_5_short_0","4",48.59,48.95,26.1,3,"G","N"
"Rathbone_BaconRind_1_5_short_0","4",49.83,49.99,13.2,3,"G","N"
"Rathbone_BaconRind_1_5_short_0","5",0.54,0.86,13,3,"E","Y"
"Rathbone_BaconRind_1_5_short_0","5",0.54,NA,18.1,3,"G","Y"
"Rathbone_BaconRind_1_5_short_0","5",4.41,4.56,15.1,3,"G","N"
"Rathbone_BaconRind_1_5_short_0","5",4.93,5.06,11.6,3,"G","N"
"Rathbone_BaconRind_1_5_short_0","5",12.47,14.42,12,3,"E","N"
"Rathbone_BaconRind_1_5_short_0","5",17.87,18.64,12.6,4,"E","Y"
"Rathbone_BaconRind_1_5_short_0","5",17.87,NA,19.1,5,"G","Y"
"Waterfalls_Moran_1_1_long_3","1",1.99,2.3,22.3,4,"G","N"
"Waterfalls_Moran_1_1_long_3","1",3.29,3.86,46.5,5,"G","N"
"Waterfalls_Moran_1_1_long_3","1",9.54,10.03,39.3,5,"G","N"
"Waterfalls_Moran_1_1_long_3","1",12.5,12.67,14.6,5,"G","N"
"Waterfalls_Moran_1_1_long_3","1",14.22,14.36,9.9,4,"G","N"
"Waterfalls_Moran_1_1_long_3","1",15.4,15.8,8,4,"G","N"
"Waterfalls_Moran_1_1_long_3","1",16.95,17.35,35.5,4,"G","N"
"Waterfalls_Moran_1_1_long_3","1",18.4,18.65,15.4,3,"G","N"
"Waterfalls_Moran_1_1_long_3","2",30.62,32.41,66,5,"G","N"
"Waterfalls_Moran_1_1_long_3","2",36.02,36.5,40.7,5,"G","N"
"Waterfalls_Moran_1_1_long_3","2",41.59,41.72,10.1,4,"G","N"
"Waterfalls_Moran_1_1_long_3","2",42.03,42.28,23.7,5,"G","N"
"Waterfalls_Moran_1_1_long_3","2",43.62,43.72,8.2,5,"G","N"
"Waterfalls_Moran_1_1_long_3","2",44,44.11,7.8,5,"E","N"
"Waterfalls_Moran_1_1_long_3","2",44.3,44.46,13.1,5,"G","N"
"Waterfalls_Moran_1_1_long_3","2",44.95,45.32,37,3,"G","N"
"Waterfalls_Moran_1_1_long_3","2",45.87,46.52,65,5,"G","N"
"Waterfalls_Moran_1_1_long_3","2",46.8,47.08,23.3,5,"G","N"
"Waterfalls_Moran_1_1_long_3","2",48.91,49.22,25,4,"G","N"
"Waterfalls_Moran_1_1_long_3","2",49.48,49.72,22.3,3,"G","N"
"Waterfalls_Moran_1_1_long_3","3",9.2,10.28,50.6,4,"E","N"
"Waterfalls_Moran_1_1_long_3","3",13.06,13.45,35.5,4,"G","N"
"Waterfalls_Moran_1_1_long_3","3",18.75,20.45,27,4,"E","N"
"Waterfalls_Moran_1_1_long_3","4",34.37,34.53,15.6,3,"E","N"
"Waterfalls_Moran_1_1_long_3","4",38.45,38.86,20.1,4,"G","Y"
"Waterfalls_Moran_1_1_long_3","4",38.45,NA,10.5,4,"E","Y"
"Waterfalls_Moran_1_1_long_3","4",39.64,39.91,11.2,3,"E","Y"
"Waterfalls_Moran_1_1_long_3","4",39.64,NA,9.4,4,"E","Y"
"Waterfalls_Moran_1_1_long_3","4",40.9,41.11,20.3,5,"G","N"
"Waterfalls_Moran_1_1_long_3","4",42.26,42.6,14.6,4,"E","N"
"Waterfalls_Moran_1_1_long_3","4",43.46,43.63,16.1,5,"G","N"
"Waterfalls_Moran_1_1_long_3","4",47.9,48.06,10.4,4,"E","N"
"Waterfalls_Moran_1_1_long_3","5",0.41,1.1,7.6,3,"G","N"
"Waterfalls_Moran_1_1_long_3","5",2.29,3.54,24,4,"G","N"
"Waterfalls_Moran_1_1_long_3","5",6.73,7.64,41.1,3,"G","N"
"Waterfalls_Moran_1_1_long_3","5",9.59,9.79,18,3,"G","N"
"Waterfalls_Moran_1_1_long_3","5",15.15,15.61,39.2,3,"G","N"
"Waterfalls_Moran_1_1_long_3","5",16.35,16.62,12.9,3,"E","N"
"Waterfalls_Moran_1_1_long_3","5",16.65,16.89,18,3,"G","N"
"Waterfalls_Moran_1_1_long_3","5",17.4,17.61,15.3,4,"E","N"
"Waterfalls_Moran_1_1_long_3","5",18.96,19.11,15.7,4,"G","N"
"Waterfalls_Moran_1_1_long_3","5",19.51,19.69,17.5,4,"G","N"
"Waterfalls_Moran_1_1_short_0","1",0.86,1.35,18.7,5,"G","N"
"Waterfalls_Moran_1_1_short_0","1",16.74,16.91,11.1,4,"G","N"
"Waterfalls_Moran_1_1_short_0","2",34.37,34.72,18.1,5,"G","N"
"Waterfalls_Moran_1_1_short_0","2",35.6,35.83,22.3,5,"G","N"
"Waterfalls_Moran_1_1_short_0","2",36.82,36.93,8,5,"G","N"
"Waterfalls_Moran_1_1_short_0","2",40.8,41.1,30.5,5,"G","N"
"Waterfalls_Moran_1_1_short_0","2",42.1,42.52,12,5,"G","Y"
"Waterfalls_Moran_1_1_short_0","2",42.1,NA,11.5,4,"E","Y"
"Waterfalls_Moran_1_1_short_0","2",44.19,44.48,9,4,"G","N"
"Waterfalls_Moran_1_1_short_0","2",46.78,46.99,13.1,5,"G","N"
"Waterfalls_Moran_1_1_short_0","3",0.18,0.33,11.5,4,"G","N"
"Waterfalls_Moran_1_1_short_0","3",10.17,10.41,29.7,5,"G","N"
"Waterfalls_Moran_1_1_short_0","3",19.18,19.29,13,5,"G","N"
"Waterfalls_Moran_1_1_short_0","3",19.63,19.85,23.8,5,"G","N"
"Waterfalls_Moran_1_1_short_0","4",43.75,43.96,14,4,"G","N"
"Waterfalls_Moran_1_1_short_0","4",45.55,45.8,24.6,5,"G","N"
"Waterfalls_Moran_1_1_short_0","4",49.55,49.9,29.7,5,"G","N"
"Waterfalls_Moran_1_1_short_0","5",13.94,14.4,23.4,5,"G","N"
"Waterfalls_Moran_1_1_short_0","5",15.11,15.4,18.4,5,"G","N"
"Waterfalls_Moran_1_1_short_0","5",15.4,15.75,16.7,5,"G","N"
"Waterfalls_Moran_1_1_short_0","5",19.22,19.41,16,4,"G","N"
