"Plot_code","SF","Nbr","Litter_cm","Duff_cm"
"Waterfalls_Moran_1_1_short_0","1","1",0,0
"Waterfalls_Moran_1_1_short_0","1","2",0,0
"Waterfalls_Moran_1_1_short_0","1","3",0,0
"Waterfalls_Moran_1_1_short_0","2","1",5,2
"Waterfalls_Moran_1_1_short_0","2","2",5,4
"Waterfalls_Moran_1_1_short_0","2","3",5,4
"Waterfalls_Moran_1_1_short_0","3","1",2.4,4
"Waterfalls_Moran_1_1_short_0","3","2",0.2,0.1
"Waterfalls_Moran_1_1_short_0","3","3",1.8,0.7
"Waterfalls_Moran_1_1_short_0","4","1",0.7,4.2
"Waterfalls_Moran_1_1_short_0","4","2",1.8,4.5
"Waterfalls_Moran_1_1_short_0","4","3",5,0.5
"Waterfalls_Moran_1_1_short_0","5","1",0.5,1.6
"Waterfalls_Moran_1_1_short_0","5","2",1.4,3.5
"Waterfalls_Moran_1_1_short_0","5","3",5.3,2.2
"Waterfalls_Moran_1_1_long_3","1","1",0.5,3.8
"Waterfalls_Moran_1_1_long_3","1","2",0,3.4
"Waterfalls_Moran_1_1_long_3","1","3",2.8,5.4
"Waterfalls_Moran_1_1_long_3","2","1",19,1
"Waterfalls_Moran_1_1_long_3","2","2",3,6
"Waterfalls_Moran_1_1_long_3","2","3",2.7,4.4
"Waterfalls_Moran_1_1_long_3","3","1",1.2,7.2
"Waterfalls_Moran_1_1_long_3","3","2",5.5,6.1
"Waterfalls_Moran_1_1_long_3","3","3",1.1,2.5
"Waterfalls_Moran_1_1_long_3","4","1",1.5,1.5
"Waterfalls_Moran_1_1_long_3","4","2",2.1,0
"Waterfalls_Moran_1_1_long_3","4","3",0.2,0
"Waterfalls_Moran_1_1_long_3","5","1",5.2,4.5
"Waterfalls_Moran_1_1_long_3","5","2",1.5,2.2
"Waterfalls_Moran_1_1_long_3","5","3",2.1,1
"Glade_Berry_1_1_short_0","1","1",0,0
"Glade_Berry_1_1_short_0","1","2",0,0
"Glade_Berry_1_1_short_0","1","3",0.7,0
"Glade_Berry_1_1_short_0","2","1",0,0
"Glade_Berry_1_1_short_0","2","2",0,0
"Glade_Berry_1_1_short_0","2","3",0,0
"Glade_Berry_1_1_short_0","3","1",0,0
"Glade_Berry_1_1_short_0","3","2",0,0
"Glade_Berry_1_1_short_0","3","3",0,0
"Glade_Berry_1_1_short_0","4","1",0,0
"Glade_Berry_1_1_short_0","4","2",0,0
"Glade_Berry_1_1_short_0","4","3",1.2,0
"Glade_Berry_1_1_short_0","5","1",0,0
"Glade_Berry_1_1_short_0","5","2",0,0
"Glade_Berry_1_1_short_0","5","3",0,0
"Glade_Berry_1_1_long_2","1","1",0,0
"Glade_Berry_1_1_long_2","1","2",0,0
"Glade_Berry_1_1_long_2","1","3",0,0
"Glade_Berry_1_1_long_2","2","1",0,0
"Glade_Berry_1_1_long_2","2","2",0,0
"Glade_Berry_1_1_long_2","2","3",0.1,0
"Glade_Berry_1_1_long_2","3","1",0,0
"Glade_Berry_1_1_long_2","3","2",0,0
"Glade_Berry_1_1_long_2","3","3",0,0
"Glade_Berry_1_1_long_2","4","1",0,0
"Glade_Berry_1_1_long_2","4","2",0,0
"Glade_Berry_1_1_long_2","4","3",0,0
"Glade_Berry_1_1_long_2","5","1",0,0
"Glade_Berry_1_1_long_2","5","2",0,0
"Glade_Berry_1_1_long_2","5","3",0,0
"Glade_Berry_4_4_short_0","1","1",0,0
"Glade_Berry_4_4_short_0","1","2",0,0
"Glade_Berry_4_4_short_0","1","3",0,0
"Glade_Berry_4_4_short_0","2","1",0,0
"Glade_Berry_4_4_short_0","2","2",0,0
"Glade_Berry_4_4_short_0","2","3",0,0
"Glade_Berry_4_4_short_0","3","1",0,0
"Glade_Berry_4_4_short_0","3","2",0.1,0
"Glade_Berry_4_4_short_0","3","3",0,0
"Glade_Berry_4_4_short_0","4","1",0,0
"Glade_Berry_4_4_short_0","4","2",0,0
"Glade_Berry_4_4_short_0","4","3",0,0
"Glade_Berry_4_4_short_0","5","1",3.1,0
"Glade_Berry_4_4_short_0","5","2",0,0
"Glade_Berry_4_4_short_0","5","3",0.2,0
"Glade_Berry_4_4_long_2","1","1",0,0
"Glade_Berry_4_4_long_2","1","2",0,0
"Glade_Berry_4_4_long_2","1","3",0.1,0
"Glade_Berry_4_4_long_2","2","1",0,0
"Glade_Berry_4_4_long_2","2","2",0,0
"Glade_Berry_4_4_long_2","2","3",0,0
"Glade_Berry_4_4_long_2","3","1",0,0
"Glade_Berry_4_4_long_2","3","2",0.1,0
"Glade_Berry_4_4_long_2","3","3",0.1,0
"Glade_Berry_4_4_long_2","4","1",0,0
"Glade_Berry_4_4_long_2","4","2",0,0
"Glade_Berry_4_4_long_2","4","3",0,0
"Glade_Berry_4_4_long_2","5","1",0,0
"Glade_Berry_4_4_long_2","5","2",0,0
"Glade_Berry_4_4_long_2","5","3",0,0
"Huck_Berry_2_1_short_0","1","1",0.5,4
"Huck_Berry_2_1_short_0","1","2",0.3,5.5
"Huck_Berry_2_1_short_0","1","3",0.5,2
"Huck_Berry_2_1_short_0","2","1",0,2.2
"Huck_Berry_2_1_short_0","2","2",0,3.4
"Huck_Berry_2_1_short_0","2","3",0,1.9
"Huck_Berry_2_1_short_0","3","1",1.9,4.2
"Huck_Berry_2_1_short_0","3","2",1,1.4
"Huck_Berry_2_1_short_0","3","3",0,2.2
"Huck_Berry_2_1_short_0","4","1",0,2.4
"Huck_Berry_2_1_short_0","4","2",0.8,3.8
"Huck_Berry_2_1_short_0","4","3",0.4,5.7
"Huck_Berry_2_1_short_0","5","1",0.5,5.2
"Huck_Berry_2_1_short_0","5","2",1.3,4.1
"Huck_Berry_2_1_short_0","5","3",0.9,0.8
"Huck_Berry_2_1_long_1","1","1",0,0
"Huck_Berry_2_1_long_1","1","2",0,0
"Huck_Berry_2_1_long_1","1","3",0.3,1
"Huck_Berry_2_1_long_1","2","1",0,0
"Huck_Berry_2_1_long_1","2","2",0,0.9
"Huck_Berry_2_1_long_1","2","3",0,1.8
"Huck_Berry_2_1_long_1","3","1",0.9,1.4
"Huck_Berry_2_1_long_1","3","2",0.8,1.9
"Huck_Berry_2_1_long_1","3","3",0.2,1
"Huck_Berry_2_1_long_1","4","1",1.6,0
"Huck_Berry_2_1_long_1","4","2",0,0
"Huck_Berry_2_1_long_1","4","3",0.7,2.4
"Huck_Berry_2_1_long_1","5","1",4.7,0.2
"Huck_Berry_2_1_long_1","5","2",2.4,0
"Huck_Berry_2_1_long_1","5","3",0,0
"Huck_Berry_1_2_short_0","1","1",1.9,1.8
"Huck_Berry_1_2_short_0","1","2",2.7,4.8
"Huck_Berry_1_2_short_0","1","3",4.9,5.3
"Huck_Berry_1_2_short_0","2","1",0.5,1.6
"Huck_Berry_1_2_short_0","2","2",1.5,1.4
"Huck_Berry_1_2_short_0","2","3",0.6,1.2
"Huck_Berry_1_2_short_0","3","1",0,0
"Huck_Berry_1_2_short_0","3","2",1,1.8
"Huck_Berry_1_2_short_0","3","3",1.5,1.4
"Huck_Berry_1_2_short_0","4","1",0,0.9
"Huck_Berry_1_2_short_0","4","2",0.7,1.9
"Huck_Berry_1_2_short_0","4","3",0.1,1.6
"Huck_Berry_1_2_short_0","5","1",0,5
"Huck_Berry_1_2_short_0","5","2",0.9,1.2
"Huck_Berry_1_2_short_0","5","3",0.4,0.3
"Huck_Berry_1_2_long_2","1","1",0,0
"Huck_Berry_1_2_long_2","1","2",0.9,0.7
"Huck_Berry_1_2_long_2","1","3",0.7,0.6
"Huck_Berry_1_2_long_2","2","1",0.8,1.6
"Huck_Berry_1_2_long_2","2","2",0.7,3.3
"Huck_Berry_1_2_long_2","2","3",0,2.3
"Huck_Berry_1_2_long_2","3","1",0,0.4
"Huck_Berry_1_2_long_2","3","2",0.3,0
"Huck_Berry_1_2_long_2","3","3",0,0.9
"Huck_Berry_1_2_long_2","4","1",0.5,2
"Huck_Berry_1_2_long_2","4","2",0.6,0.5
"Huck_Berry_1_2_long_2","4","3",1.9,0
"Huck_Berry_1_2_long_2","5","1",0,0
"Huck_Berry_1_2_long_2","5","2",0,1
"Huck_Berry_1_2_long_2","5","3",0.8,2.3
"Mystic_BearpawBay_2_3_short_0","1","1",1.6,2.4
"Mystic_BearpawBay_2_3_short_0","1","2",0.1,0.6
"Mystic_BearpawBay_2_3_short_0","1","3",0.7,0.9
"Mystic_BearpawBay_2_3_short_0","2","1",1.2,0
"Mystic_BearpawBay_2_3_short_0","2","2",2,0
"Mystic_BearpawBay_2_3_short_0","2","3",0.5,0.2
"Mystic_BearpawBay_2_3_short_0","3","1",0,0
"Mystic_BearpawBay_2_3_short_0","3","2",3.2,0
"Mystic_BearpawBay_2_3_short_0","3","3",0.6,0
"Mystic_BearpawBay_2_3_short_0","4","1",0.1,0.7
"Mystic_BearpawBay_2_3_short_0","4","2",0.2,0.4
"Mystic_BearpawBay_2_3_short_0","4","3",0,0
"Mystic_BearpawBay_2_3_short_0","5","1",2.6,1.7
"Mystic_BearpawBay_2_3_short_0","5","2",11.5,2.4
"Mystic_BearpawBay_2_3_short_0","5","3",5.3,2.8
"Mystic_BearpawBay_2_3_long_3","1","1",0,0
"Mystic_BearpawBay_2_3_long_3","1","2",0.1,0
"Mystic_BearpawBay_2_3_long_3","1","3",2,1.1
"Mystic_BearpawBay_2_3_long_3","2","1",2,0.1
"Mystic_BearpawBay_2_3_long_3","2","2",0,0
"Mystic_BearpawBay_2_3_long_3","2","3",1.5,0
"Mystic_BearpawBay_2_3_long_3","3","1",0,0
"Mystic_BearpawBay_2_3_long_3","3","2",0.1,0
"Mystic_BearpawBay_2_3_long_3","3","3",1,0
"Mystic_BearpawBay_2_3_long_3","4","1",1.5,1.6
"Mystic_BearpawBay_2_3_long_3","4","2",1,0.9
"Mystic_BearpawBay_2_3_long_3","4","3",2.7,2.9
"Mystic_BearpawBay_2_3_long_3","5","1",0,0.3
"Mystic_BearpawBay_2_3_long_3","5","2",1,2
"Mystic_BearpawBay_2_3_long_3","5","3",2,0
"NFork_Maple_4_4_short_0","1","1",0.4,1.4
"NFork_Maple_4_4_short_0","1","2",0,0
"NFork_Maple_4_4_short_0","1","3",0.6,0.7
"NFork_Maple_4_4_short_0","2","1",1.3,0.9
"NFork_Maple_4_4_short_0","2","2",1.8,3.9
"NFork_Maple_4_4_short_0","2","3",1.9,2.1
"NFork_Maple_4_4_short_0","3","1",0.1,0.4
"NFork_Maple_4_4_short_0","3","2",0.1,0
"NFork_Maple_4_4_short_0","3","3",0.6,0.2
"NFork_Maple_4_4_short_0","4","1",0.1,0
"NFork_Maple_4_4_short_0","4","2",1.7,0.8
"NFork_Maple_4_4_short_0","4","3",1.3,0.6
"NFork_Maple_4_4_short_0","5","1",0.9,0.4
"NFork_Maple_4_4_short_0","5","2",0.1,0
"NFork_Maple_4_4_short_0","5","3",1.1,0.1
"NFork_Maple_4_4_long_1","1","1",0.4,0.8
"NFork_Maple_4_4_long_1","1","2",2.5,1.1
"NFork_Maple_4_4_long_1","1","3",0,1
"NFork_Maple_4_4_long_1","2","1",0,2.4
"NFork_Maple_4_4_long_1","2","2",0.3,1.6
"NFork_Maple_4_4_long_1","2","3",0.7,1
"NFork_Maple_4_4_long_1","3","1",0.2,0.6
"NFork_Maple_4_4_long_1","3","2",0,1.1
"NFork_Maple_4_4_long_1","3","3",1.2,0.9
"NFork_Maple_4_4_long_1","4","1",0.2,0.6
"NFork_Maple_4_4_long_1","4","2",0.1,1.4
"NFork_Maple_4_4_long_1","4","3",0.4,0.6
"NFork_Maple_4_4_long_1","5","1",0.4,0
"NFork_Maple_4_4_long_1","5","2",0,0
"NFork_Maple_4_4_long_1","5","3",0,1.1
"NFork_Maple_6_6_short_0","1","1",0,0
"NFork_Maple_6_6_short_0","1","2",2.8,0
"NFork_Maple_6_6_short_0","1","3",0.2,0
"NFork_Maple_6_6_short_0","2","1",1.8,0.6
"NFork_Maple_6_6_short_0","2","2",0.2,1.5
"NFork_Maple_6_6_short_0","2","3",1.3,1.7
"NFork_Maple_6_6_short_0","3","1",1.2,0.3
"NFork_Maple_6_6_short_0","3","2",0.2,0
"NFork_Maple_6_6_short_0","3","3",0.1,0.4
"NFork_Maple_6_6_short_0","4","1",0.3,0
"NFork_Maple_6_6_short_0","4","2",1.7,0
"NFork_Maple_6_6_short_0","4","3",1.7,0.8
"NFork_Maple_6_6_short_0","5","1",0.2,0
"NFork_Maple_6_6_short_0","5","2",0.2,1.2
"NFork_Maple_6_6_short_0","5","3",0.6,0.5
"NFork_Maple_6_6_long_1","1","1",1.3,1.5
"NFork_Maple_6_6_long_1","1","2",0.4,1
"NFork_Maple_6_6_long_1","1","3",0.8,0
"NFork_Maple_6_6_long_1","2","1",0.6,1.3
"NFork_Maple_6_6_long_1","2","2",0.9,0
"NFork_Maple_6_6_long_1","2","3",0.7,0.9
"NFork_Maple_6_6_long_1","3","1",0.2,0
"NFork_Maple_6_6_long_1","3","2",0.4,0
"NFork_Maple_6_6_long_1","3","3",0,0
"NFork_Maple_6_6_long_1","4","1",4.7,2.2
"NFork_Maple_6_6_long_1","4","2",1.4,2.5
"NFork_Maple_6_6_long_1","4","3",1.8,1.6
"NFork_Maple_6_6_long_1","5","1",1.9,1.2
"NFork_Maple_6_6_long_1","5","2",1.9,0.5
"NFork_Maple_6_6_long_1","5","3",1.9,7.3
"Pelican_LeHardy_1_5_short_0","1","1",0.2,1.8
"Pelican_LeHardy_1_5_short_0","1","2",0.6,7.1
"Pelican_LeHardy_1_5_short_0","1","3",1.1,2.7
"Pelican_LeHardy_1_5_short_0","2","1",1.5,0
"Pelican_LeHardy_1_5_short_0","2","2",0.1,0
"Pelican_LeHardy_1_5_short_0","2","3",0.1,0
"Pelican_LeHardy_1_5_short_0","3","1",1.2,0
"Pelican_LeHardy_1_5_short_0","3","2",0,0
"Pelican_LeHardy_1_5_short_0","3","3",0,0
"Pelican_LeHardy_1_5_short_0","4","1",0.1,0
"Pelican_LeHardy_1_5_short_0","4","2",0,0
"Pelican_LeHardy_1_5_short_0","4","3",0.7,0.8
"Pelican_LeHardy_1_5_short_0","5","1",0,0
"Pelican_LeHardy_1_5_short_0","5","2",0,1.5
"Pelican_LeHardy_1_5_short_0","5","3",0,0
"Pelican_LeHardy_1_5_long_1","1","1",0,0
"Pelican_LeHardy_1_5_long_1","1","2",0,0
"Pelican_LeHardy_1_5_long_1","1","3",0.2,0
"Pelican_LeHardy_1_5_long_1","2","1",0.4,0
"Pelican_LeHardy_1_5_long_1","2","2",0.6,0
"Pelican_LeHardy_1_5_long_1","2","3",3.1,5.7
"Pelican_LeHardy_1_5_long_1","3","1",0,0
"Pelican_LeHardy_1_5_long_1","3","2",0.2,0
"Pelican_LeHardy_1_5_long_1","3","3",0,0
"Pelican_LeHardy_1_5_long_1","4","1",1.4,3.7
"Pelican_LeHardy_1_5_long_1","4","2",0,0
"Pelican_LeHardy_1_5_long_1","4","3",2.6,3.4
"Pelican_LeHardy_1_5_long_1","5","1",0,1.6
"Pelican_LeHardy_1_5_long_1","5","2",0,0
"Pelican_LeHardy_1_5_long_1","5","3",0,0
"NFork_Cygnet_1_1_short_0","1","1",0,0
"NFork_Cygnet_1_1_short_0","1","2",0,0
"NFork_Cygnet_1_1_short_0","1","3",0.2,0.8
"NFork_Cygnet_1_1_short_0","2","1",0,2.5
"NFork_Cygnet_1_1_short_0","2","2",0,0
"NFork_Cygnet_1_1_short_0","2","3",0.1,0
"NFork_Cygnet_1_1_short_0","3","1",0,0
"NFork_Cygnet_1_1_short_0","3","2",0,0
"NFork_Cygnet_1_1_short_0","3","3",0,1.1
"NFork_Cygnet_1_1_short_0","4","1",0.1,0.7
"NFork_Cygnet_1_1_short_0","4","2",0,0.7
"NFork_Cygnet_1_1_short_0","4","3",0.8,0
"NFork_Cygnet_1_1_short_0","5","1",0,0
"NFork_Cygnet_1_1_short_0","5","2",0,0.2
"NFork_Cygnet_1_1_short_0","5","3",0,0
"NFork_Cygnet_1_1_long_3","1","1",0,0
"NFork_Cygnet_1_1_long_3","1","2",0,0
"NFork_Cygnet_1_1_long_3","1","3",0.9,0
"NFork_Cygnet_1_1_long_3","2","1",0,0
"NFork_Cygnet_1_1_long_3","2","2",0,0.5
"NFork_Cygnet_1_1_long_3","2","3",0,0.5
"NFork_Cygnet_1_1_long_3","3","1",4.2,0
"NFork_Cygnet_1_1_long_3","3","2",0,0
"NFork_Cygnet_1_1_long_3","3","3",1.5,0
"NFork_Cygnet_1_1_long_3","4","1",0,0
"NFork_Cygnet_1_1_long_3","4","2",0,0
"NFork_Cygnet_1_1_long_3","4","3",1.8,2.7
"NFork_Cygnet_1_1_long_3","5","1",0,0.8
"NFork_Cygnet_1_1_long_3","5","2",1.6,0.4
"NFork_Cygnet_1_1_long_3","5","3",0,0
"NFork_Cygnet_2_2_short_0","1","1",2.7,2
"NFork_Cygnet_2_2_short_0","1","2",0,0
"NFork_Cygnet_2_2_short_0","1","3",0,0
"NFork_Cygnet_2_2_short_0","2","1",0,0
"NFork_Cygnet_2_2_short_0","2","2",0,1.9
"NFork_Cygnet_2_2_short_0","2","3",0.2,2.2
"NFork_Cygnet_2_2_short_0","3","1",0.6,0.6
"NFork_Cygnet_2_2_short_0","3","2",0.2,0
"NFork_Cygnet_2_2_short_0","3","3",0,0
"NFork_Cygnet_2_2_short_0","4","1",0,0
"NFork_Cygnet_2_2_short_0","4","2",0,0
"NFork_Cygnet_2_2_short_0","4","3",1.7,0
"NFork_Cygnet_2_2_short_0","5","1",1.8,0
"NFork_Cygnet_2_2_short_0","5","2",0,0
"NFork_Cygnet_2_2_short_0","5","3",0.3,0
"NFork_Cygnet_2_2_long_2","1","1",1.9,0
"NFork_Cygnet_2_2_long_2","1","2",0.4,0
"NFork_Cygnet_2_2_long_2","1","3",0.2,0.6
"NFork_Cygnet_2_2_long_2","2","1",0.4,1.1
"NFork_Cygnet_2_2_long_2","2","2",0.7,0
"NFork_Cygnet_2_2_long_2","2","3",0.3,0
"NFork_Cygnet_2_2_long_2","3","1",1.2,1.1
"NFork_Cygnet_2_2_long_2","3","2",0,0
"NFork_Cygnet_2_2_long_2","3","3",1.5,5.9
"NFork_Cygnet_2_2_long_2","4","1",0,0
"NFork_Cygnet_2_2_long_2","4","2",0,0.8
"NFork_Cygnet_2_2_long_2","4","3",0,0
"NFork_Cygnet_2_2_long_2","5","1",0,0
"NFork_Cygnet_2_2_long_2","5","2",0,0
"NFork_Cygnet_2_2_long_2","5","3",0,0
"NFork_Owl_2_1_short_0","1","1",0,0
"NFork_Owl_2_1_short_0","1","2",5.2,4.9
"NFork_Owl_2_1_short_0","1","3",0,0
"NFork_Owl_2_1_short_0","2","1",0.1,1.4
"NFork_Owl_2_1_short_0","2","2",0,0
"NFork_Owl_2_1_short_0","2","3",0,0
"NFork_Owl_2_1_short_0","3","1",0,0
"NFork_Owl_2_1_short_0","3","2",0,0
"NFork_Owl_2_1_short_0","3","3",0.1,0
"NFork_Owl_2_1_short_0","4","1",0,0
"NFork_Owl_2_1_short_0","4","2",0.4,0.7
"NFork_Owl_2_1_short_0","4","3",0,0
"NFork_Owl_2_1_short_0","5","1",0.4,3.2
"NFork_Owl_2_1_short_0","5","2",0,2.4
"NFork_Owl_2_1_short_0","5","3",0,0
"NFork_Owl_2_1_long_1","1","1",0,0.4
"NFork_Owl_2_1_long_1","1","2",1,1.9
"NFork_Owl_2_1_long_1","1","3",2.6,1.7
"NFork_Owl_2_1_long_1","2","1",0,0
"NFork_Owl_2_1_long_1","2","2",0.3,0.2
"NFork_Owl_2_1_long_1","2","3",0.6,1.4
"NFork_Owl_2_1_long_1","3","1",0,0
"NFork_Owl_2_1_long_1","3","2",0.2,0
"NFork_Owl_2_1_long_1","3","3",0,0
"NFork_Owl_2_1_long_1","4","1",1.9,2.3
"NFork_Owl_2_1_long_1","4","2",0.8,0.3
"NFork_Owl_2_1_long_1","4","3",0,0
"NFork_Owl_2_1_long_1","5","1",1.2,2.5
"NFork_Owl_2_1_long_1","5","2",0.8,1.6
"NFork_Owl_2_1_long_1","5","3",2.4,1.7
"Clover_LeHardy_1_1_short_0","1","1",0.5,0
"Clover_LeHardy_1_1_short_0","1","2",1.1,0
"Clover_LeHardy_1_1_short_0","1","3",0.2,0.8
"Clover_LeHardy_1_1_short_0","2","1",0,0
"Clover_LeHardy_1_1_short_0","2","2",0.1,0
"Clover_LeHardy_1_1_short_0","2","3",0.1,0
"Clover_LeHardy_1_1_short_0","3","1",0,0
"Clover_LeHardy_1_1_short_0","3","2",0,0
"Clover_LeHardy_1_1_short_0","3","3",0,0
"Clover_LeHardy_1_1_short_0","4","1",0.1,0
"Clover_LeHardy_1_1_short_0","4","2",0,0
"Clover_LeHardy_1_1_short_0","4","3",0,0
"Clover_LeHardy_1_1_short_0","5","1",0,0
"Clover_LeHardy_1_1_short_0","5","2",0,0
"Clover_LeHardy_1_1_short_0","5","3",0,0
"Clover_LeHardy_1_1_long_2","1","1",0.1,0
"Clover_LeHardy_1_1_long_2","1","2",0,0
"Clover_LeHardy_1_1_long_2","1","3",0,0
"Clover_LeHardy_1_1_long_2","2","1",0,0
"Clover_LeHardy_1_1_long_2","2","2",0,0
"Clover_LeHardy_1_1_long_2","2","3",0.4,0
"Clover_LeHardy_1_1_long_2","3","1",0,0
"Clover_LeHardy_1_1_long_2","3","2",0.2,0
"Clover_LeHardy_1_1_long_2","3","3",0.8,1.2
"Clover_LeHardy_1_1_long_2","4","1",0,0
"Clover_LeHardy_1_1_long_2","4","2",0,0
"Clover_LeHardy_1_1_long_2","4","3",0.3,0
"Clover_LeHardy_1_1_long_2","5","1",0,0
"Clover_LeHardy_1_1_long_2","5","2",0.2,3.2
"Clover_LeHardy_1_1_long_2","5","3",0,0
"Clover_Dewdrop_2_3_short_0","1","1",0,0
"Clover_Dewdrop_2_3_short_0","1","2",0,0
"Clover_Dewdrop_2_3_short_0","1","3",0,0
"Clover_Dewdrop_2_3_short_0","2","1",0,0
"Clover_Dewdrop_2_3_short_0","2","2",0.1,0
"Clover_Dewdrop_2_3_short_0","2","3",0.2,0
"Clover_Dewdrop_2_3_short_0","3","1",0,0
"Clover_Dewdrop_2_3_short_0","3","2",0.1,0
"Clover_Dewdrop_2_3_short_0","3","3",0,0
"Clover_Dewdrop_2_3_short_0","4","1",0.3,0
"Clover_Dewdrop_2_3_short_0","4","2",0,0
"Clover_Dewdrop_2_3_short_0","4","3",0,0
"Clover_Dewdrop_2_3_short_0","5","1",0,0
"Clover_Dewdrop_2_3_short_0","5","2",0.1,0
"Clover_Dewdrop_2_3_short_0","5","3",0,0
"Clover_Dewdrop_2_3_long_1","1","1",0,0
"Clover_Dewdrop_2_3_long_1","1","2",0,0
"Clover_Dewdrop_2_3_long_1","1","3",0,0
"Clover_Dewdrop_2_3_long_1","2","1",0,0
"Clover_Dewdrop_2_3_long_1","2","2",0,0
"Clover_Dewdrop_2_3_long_1","2","3",0,0
"Clover_Dewdrop_2_3_long_1","3","1",0.1,0
"Clover_Dewdrop_2_3_long_1","3","2",0,0
"Clover_Dewdrop_2_3_long_1","3","3",0,0
"Clover_Dewdrop_2_3_long_1","4","1",0.2,0
"Clover_Dewdrop_2_3_long_1","4","2",1.3,0
"Clover_Dewdrop_2_3_long_1","4","3",0,0
"Clover_Dewdrop_2_3_long_1","5","1",0,0
"Clover_Dewdrop_2_3_long_1","5","2",0,0
"Clover_Dewdrop_2_3_long_1","5","3",0.1,0
"Astringent_Tern_1_2_short_0","1","1",0.4,0.6
"Astringent_Tern_1_2_short_0","1","2",0,0
"Astringent_Tern_1_2_short_0","1","3",0.8,1.2
"Astringent_Tern_1_2_short_0","2","1",0.2,0
"Astringent_Tern_1_2_short_0","2","2",0.5,1.2
"Astringent_Tern_1_2_short_0","2","3",0,0
"Astringent_Tern_1_2_short_0","3","1",0,0
"Astringent_Tern_1_2_short_0","3","2",0,0
"Astringent_Tern_1_2_short_0","3","3",0.5,1.1
"Astringent_Tern_1_2_short_0","4","1",0,0
"Astringent_Tern_1_2_short_0","4","2",0,0
"Astringent_Tern_1_2_short_0","4","3",0,0
"Astringent_Tern_1_2_short_0","5","1",0,0
"Astringent_Tern_1_2_short_0","5","2",0.4,1.4
"Astringent_Tern_1_2_short_0","5","3",0,0
"Astringent_Tern_1_2_long_2","1","1",0,0.4
"Astringent_Tern_1_2_long_2","1","2",0.3,1.8
"Astringent_Tern_1_2_long_2","1","3",1.9,0
"Astringent_Tern_1_2_long_2","2","1",0.1,0
"Astringent_Tern_1_2_long_2","2","2",0,1.7
"Astringent_Tern_1_2_long_2","2","3",5.1,5.8
"Astringent_Tern_1_2_long_2","3","1",1.2,3.5
"Astringent_Tern_1_2_long_2","3","2",1.6,3.4
"Astringent_Tern_1_2_long_2","3","3",2.9,0
"Astringent_Tern_1_2_long_2","4","1",2.4,1.7
"Astringent_Tern_1_2_long_2","4","2",0,2.5
"Astringent_Tern_1_2_long_2","4","3",1.6,5.6
"Astringent_Tern_1_2_long_2","5","1",0,0
"Astringent_Tern_1_2_long_2","5","2",0.2,4.4
"Astringent_Tern_1_2_long_2","5","3",0,0
"Clover_East_1_1_short_0","1","1",0.3,0
"Clover_East_1_1_short_0","1","2",0,0
"Clover_East_1_1_short_0","1","3",0,0
"Clover_East_1_1_short_0","2","1",3.7,0
"Clover_East_1_1_short_0","2","2",0.5,0
"Clover_East_1_1_short_0","2","3",1.2,0
"Clover_East_1_1_short_0","3","1",0,0
"Clover_East_1_1_short_0","3","2",0,0
"Clover_East_1_1_short_0","3","3",0,0
"Clover_East_1_1_short_0","4","1",0,0
"Clover_East_1_1_short_0","4","2",0,0
"Clover_East_1_1_short_0","4","3",0,0
"Clover_East_1_1_short_0","5","1",0,0
"Clover_East_1_1_short_0","5","2",0.2,0
"Clover_East_1_1_short_0","5","3",0,0
"Clover_East_1_1_long_1","1","1",0,0
"Clover_East_1_1_long_1","1","2",1.6,3.8
"Clover_East_1_1_long_1","1","3",0,0
"Clover_East_1_1_long_1","2","1",1.8,5.3
"Clover_East_1_1_long_1","2","2",1.7,0
"Clover_East_1_1_long_1","2","3",3,5.6
"Clover_East_1_1_long_1","3","1",2.1,0
"Clover_East_1_1_long_1","3","2",0,0
"Clover_East_1_1_long_1","3","3",2.9,3.3
"Clover_East_1_1_long_1","4","1",3.1,5.9
"Clover_East_1_1_long_1","4","2",0,0
"Clover_East_1_1_long_1","4","3",0.7,0
"Clover_East_1_1_long_1","5","1",3.3,0
"Clover_East_1_1_long_1","5","2",0.7,4.1
"Rathbone_BaconRind_1_5_short_0","1","1",0,0.3
"Rathbone_BaconRind_1_5_short_0","1","2",0,0
"Rathbone_BaconRind_1_5_short_0","1","3",1.2,2.1
"Rathbone_BaconRind_1_5_short_0","2","1",0,0
"Rathbone_BaconRind_1_5_short_0","2","2",0,0
"Rathbone_BaconRind_1_5_short_0","2","3",0,0
"Rathbone_BaconRind_1_5_short_0","3","1",0.1,0
"Rathbone_BaconRind_1_5_short_0","3","2",0,0
"Rathbone_BaconRind_1_5_short_0","3","3",0.3,1.1
"Rathbone_BaconRind_1_5_short_0","4","1",0,2.9
"Rathbone_BaconRind_1_5_short_0","4","2",0,0
"Rathbone_BaconRind_1_5_short_0","4","3",0,0
"Rathbone_BaconRind_1_5_short_0","5","1",0,0
"Rathbone_BaconRind_1_5_short_0","5","2",0,0
"Rathbone_BaconRind_1_5_short_0","5","3",0,0
"Rathbone_BaconRind_1_5_long_1","1","1",0.1,0.4
"Rathbone_BaconRind_1_5_long_1","1","2",0.3,0.6
"Rathbone_BaconRind_1_5_long_1","1","3",0.1,3.9
"Rathbone_BaconRind_1_5_long_1","2","1",0,0
"Rathbone_BaconRind_1_5_long_1","2","2",0,0
"Rathbone_BaconRind_1_5_long_1","2","3",0,0
"Rathbone_BaconRind_1_5_long_1","3","1",0,0
"Rathbone_BaconRind_1_5_long_1","3","2",0,0
"Rathbone_BaconRind_1_5_long_1","3","3",0,0
"Rathbone_BaconRind_1_5_long_1","4","1",0,0
"Rathbone_BaconRind_1_5_long_1","4","2",0,0
"Rathbone_BaconRind_1_5_long_1","4","3",0,0
"Rathbone_BaconRind_1_5_long_1","5","1",0,0
"Rathbone_BaconRind_1_5_long_1","5","2",0,0
"Rathbone_BaconRind_1_5_long_1","5","3",0,0
"Hellroaring_Buffalo_3_2_short_0","1","1",0.1,0.9
"Hellroaring_Buffalo_3_2_short_0","1","2",0,0
"Hellroaring_Buffalo_3_2_short_0","1","3",0,0
"Hellroaring_Buffalo_3_2_short_0","2","1",0,0.8
"Hellroaring_Buffalo_3_2_short_0","2","2",0,0
"Hellroaring_Buffalo_3_2_short_0","2","3",0,0
"Hellroaring_Buffalo_3_2_short_0","3","1",0,0
"Hellroaring_Buffalo_3_2_short_0","3","2",0.3,1.6
"Hellroaring_Buffalo_3_2_short_0","3","3",0.1,2.2
"Hellroaring_Buffalo_3_2_short_0","4","1",0,0
"Hellroaring_Buffalo_3_2_short_0","4","2",0,0
"Hellroaring_Buffalo_3_2_short_0","4","3",0,0
"Hellroaring_Buffalo_3_2_short_0","5","1",0,0
"Hellroaring_Buffalo_3_2_short_0","5","2",1.9,1.7
"Hellroaring_Buffalo_3_2_short_0","5","3",0.3,0
"Hellroaring_Buffalo_3_2_long_1","1","1",1.7,2.8
"Hellroaring_Buffalo_3_2_long_1","1","2",0,2.1
"Hellroaring_Buffalo_3_2_long_1","1","3",1.4,2.2
"Hellroaring_Buffalo_3_2_long_1","2","1",0,0
"Hellroaring_Buffalo_3_2_long_1","2","2",0,0
"Hellroaring_Buffalo_3_2_long_1","2","3",0,0
"Hellroaring_Buffalo_3_2_long_1","3","1",0,0
"Hellroaring_Buffalo_3_2_long_1","3","2",0,3.8
"Hellroaring_Buffalo_3_2_long_1","3","3",0,0
"Hellroaring_Buffalo_3_2_long_1","4","1",0.3,0
"Hellroaring_Buffalo_3_2_long_1","4","2",0.9,0
"Hellroaring_Buffalo_3_2_long_1","4","3",0,0
"Hellroaring_Buffalo_3_2_long_1","5","1",1.8,2.5
"Hellroaring_Buffalo_3_2_long_1","5","2",1.6,1.7
"Hellroaring_Buffalo_3_2_long_1","5","3",0,0
"IronMtn_Derby_1_1_short_0","1","1",0.4,0
"IronMtn_Derby_1_1_short_0","1","2",0,0
"IronMtn_Derby_1_1_short_0","1","3",0,0
"IronMtn_Derby_1_1_short_0","2","1",1.7,2.3
"IronMtn_Derby_1_1_short_0","2","2",2.4,0
"IronMtn_Derby_1_1_short_0","2","3",0.9,1.6
"IronMtn_Derby_1_1_short_0","3","1",0.3,0
"IronMtn_Derby_1_1_short_0","3","2",0,0
"IronMtn_Derby_1_1_short_0","3","3",0,0
"IronMtn_Derby_1_1_short_0","4","1",0,0
"IronMtn_Derby_1_1_short_0","4","2",0,0
"IronMtn_Derby_1_1_short_0","4","3",0,0
"IronMtn_Derby_1_1_short_0","5","1",0.2,0
"IronMtn_Derby_1_1_short_0","5","2",0,0
"IronMtn_Derby_1_1_short_0","5","3",0.5,0
"IronMtn_Derby_1_1_long_1","1","1",0,0
"IronMtn_Derby_1_1_long_1","1","2",1.7,0
"IronMtn_Derby_1_1_long_1","1","3",3.7,3.6
"IronMtn_Derby_1_1_long_1","2","1",0.1,0
"IronMtn_Derby_1_1_long_1","2","2",3.4,0
"IronMtn_Derby_1_1_long_1","2","3",0,0
"IronMtn_Derby_1_1_long_1","3","1",0.4,0
"IronMtn_Derby_1_1_long_1","3","2",0,0
"IronMtn_Derby_1_1_long_1","3","3",1.2,7.4
"IronMtn_Derby_1_1_long_1","4","1",2,2.1
"IronMtn_Derby_1_1_long_1","4","2",2.1,1.8
"IronMtn_Derby_1_1_long_1","4","3",1.4,3
"IronMtn_Derby_1_1_long_1","5","1",0.1,0
"IronMtn_Derby_1_1_long_1","5","2",0.4,0
"IronMtn_Derby_1_1_long_1","5","3",0,0
"IronMtn_Derby_1_5_short_0","1","1",0,0
"IronMtn_Derby_1_5_short_0","1","2",0,0
"IronMtn_Derby_1_5_short_0","1","3",0.4,2.4
"IronMtn_Derby_1_5_short_0","2","1",1.4,0
"IronMtn_Derby_1_5_short_0","2","2",0.3,0
"IronMtn_Derby_1_5_short_0","2","3",0.7,0
"IronMtn_Derby_1_5_short_0","3","1",0.1,0
"IronMtn_Derby_1_5_short_0","3","2",0,0
"IronMtn_Derby_1_5_short_0","3","3",0,0
"IronMtn_Derby_1_5_short_0","4","1",0,0
"IronMtn_Derby_1_5_short_0","4","2",0.1,0.3
"IronMtn_Derby_1_5_short_0","4","3",0,0
"IronMtn_Derby_1_5_short_0","5","1",0,0
"IronMtn_Derby_1_5_short_0","5","2",0,0
"IronMtn_Derby_1_5_short_0","5","3",0,0
"IronMtn_Derby_1_5_long_2","1","1",1.2,0
"IronMtn_Derby_1_5_long_2","1","2",0.5,0.3
"IronMtn_Derby_1_5_long_2","1","3",1.6,0
"IronMtn_Derby_1_5_long_2","2","1",1.8,0
"IronMtn_Derby_1_5_long_2","2","2",1.2,0.6
"IronMtn_Derby_1_5_long_2","2","3",0,0
"IronMtn_Derby_1_5_long_2","3","1",0.2,0.8
"IronMtn_Derby_1_5_long_2","3","2",2.1,2.6
"IronMtn_Derby_1_5_long_2","3","3",1.8,0
"IronMtn_Derby_1_5_long_2","4","1",1.2,0.6
"IronMtn_Derby_1_5_long_2","4","2",0.7,0
"IronMtn_Derby_1_5_long_2","4","3",3.1,0
"IronMtn_Derby_1_5_long_2","5","1",1.8,0
"IronMtn_Derby_1_5_long_2","5","2",2,2.3
"IronMtn_Derby_1_5_long_2","5","3",1.7,0
"Mystic_BearpawBay_1_1_short_0","2","1",0,0
"Mystic_BearpawBay_1_1_short_0","2","2",0,0
"Mystic_BearpawBay_1_1_short_0","2","3",0,0
"Mystic_BearpawBay_1_1_short_0","3","1",0,0
"Mystic_BearpawBay_1_1_short_0","3","2",0,0
"Mystic_BearpawBay_1_1_short_0","3","3",0,0
"Mystic_BearpawBay_1_1_short_0","4","1",0.5,0
"Mystic_BearpawBay_1_1_short_0","4","2",0,0
"Mystic_BearpawBay_1_1_short_0","4","3",0,0
"Mystic_BearpawBay_1_1_short_0","6","1",0,0
"Mystic_BearpawBay_1_1_short_0","6","2",0,0
"Mystic_BearpawBay_1_1_short_0","6","3",0,0
"Mystic_BearpawBay_1_1_short_0","7","1",0,0
"Mystic_BearpawBay_1_1_short_0","7","2",0,0
"Mystic_BearpawBay_1_1_short_0","7","3",0,0
"Mystic_BearpawBay_1_1_long_1","2","1",0,0
"Mystic_BearpawBay_1_1_long_1","2","2",0,0
"Mystic_BearpawBay_1_1_long_1","2","3",0.5,0
"Mystic_BearpawBay_1_1_long_1","3","1",0.5,0
"Mystic_BearpawBay_1_1_long_1","3","2",1.5,0
"Mystic_BearpawBay_1_1_long_1","3","3",2.5,0
"Mystic_BearpawBay_1_1_long_1","4","1",0,0
"Mystic_BearpawBay_1_1_long_1","4","2",0,0
"Mystic_BearpawBay_1_1_long_1","4","3",0.5,0
"Mystic_BearpawBay_1_1_long_1","6","1",0,0
"Mystic_BearpawBay_1_1_long_1","6","2",0,0
"Mystic_BearpawBay_1_1_long_1","6","3",0,0
"Mystic_BearpawBay_1_1_long_1","7","1",0,0
"Mystic_BearpawBay_1_1_long_1","7","2",0.5,0
"Mystic_BearpawBay_1_1_long_1","7","3",1,0
